Pos,StartNr,Naam,Race,Cat,Loop1,#L1,Wis1,Fiets,#Fie,NaFiets,#NaF,Wis2,Loop2,#L2,Totaal,DQ
1,5023,Koen de Leeuw,4,H24+,0:08:23,15,0:01:02,0:31:03,2,0:40:27,2,0:00:54,0:17:37,5,0:58:57,
2,6017,Loek Luijbregts,6,H24+,0:08:14,10,0:01:03,0:32:48,13,0:42:04,5,0:00:56,0:17:57,7,1:00:56,
3,3078,Tim Gereedts,3,H24+,0:08:20,13,0:01:09,0:33:17,18,0:42:45,8,0:00:58,0:18:09,10,1:01:51,
4,6039,Matthijs Stam,6,H40+,0:08:56,46,0:01:12,0:31:43,4,0:41:50,4,0:01:05,0:19:15,28,1:02:09,
5,1041,Christiaan van Beusichem,1,H24+,0:07:45,1,0:01:36,0:36:47,88,0:46:07,49,0:01:21,0:15:51,1,1:03:19,
6,6032,Jordi Reedijk,6,H24+,0:08:13,9,0:01:20,0:34:26,33,0:43:59,17,0:01:05,0:18:16,11,1:03:19,
7,1011,Maarten Bakker,1,H16+,0:08:05,6,0:01:18,0:35:28,50,0:44:50,30,0:01:25,0:17:27,4,1:03:41,
8,3021,Tijs van Gemert,3,H40+,0:08:37,23,0:01:23,0:33:06,17,0:43:05,11,0:01:04,0:19:42,42,1:03:50,
9,6020,Johan Vlastuin,6,H24+,0:08:41,27,0:01:11,0:33:21,19,0:43:11,12,0:01:16,0:19:27,34,1:03:54,
10,6053,Ersen Albayrak,6,H16+,0:07:51,2,0:01:02,0:36:27,78,0:45:19,37,0:00:56,0:17:45,6,1:03:59,
11,2108,Mark van Puffelen,2,H24+,0:08:54,41,0:01:28,0:32:30,8,0:42:51,10,0:01:41,0:19:40,39,1:04:10,
12,4008,Volker Voit,4,H24+,0:09:26,93,0:01:01,0:32:21,7,0:42:46,9,0:01:04,0:20:27,75,1:04:16,
13,6059,Niels Baljet,6,H24+,0:07:52,3,0:01:18,0:35:43,60,0:44:52,31,0:01:17,0:18:09,9,1:04:17,
14,6040,Ronald Kohn,6,H40+,0:09:30,103,0:01:12,0:32:44,12,0:43:24,14,0:01:02,0:19:57,48,1:04:22,
15,6103,Maurits Morsink,6,H24+,0:08:15,11,0:01:35,0:35:00,40,0:44:48,29,0:01:16,0:18:29,13,1:04:32,
16,7054,Philip van der Weijde,7,H24+,0:09:31,106,0:01:10,0:33:41,22,0:44:21,23,0:00:55,0:19:17,30,1:04:33,
17,2058,Remco Hoogenboezem,2,H24+,0:09:14,80,0:01:45,0:31:44,5,0:42:42,7,0:01:26,0:20:35,80,1:04:42,
18,2027,Arnold Schoneveld,2,H24+,0:08:27,17,0:01:16,0:34:27,35,0:44:09,21,0:01:15,0:19:25,32,1:04:48,
19,4081,Dennis Heilbron,4,H40+,0:08:48,34,0:01:11,0:34:08,28,0:44:05,19,0:01:19,0:19:25,33,1:04:49,
20,1116,William van der Staaij,1,H24+,0:09:06,64,0:01:33,0:32:42,11,0:43:21,13,0:01:20,0:20:22,70,1:05:01,
21,5090,Dennis van Hof,4,H24+,0:08:54,40,0:01:08,0:34:08,27,0:44:09,20,0:01:03,0:19:52,46,1:05:02,
22,7049,Marten Verduijn,7,H24+,0:08:56,48,0:01:27,0:33:21,20,0:43:43,15,0:01:12,0:20:14,65,1:05:08,
23,4052,Steven van Ardenne,4,H16+,0:08:46,32,0:01:39,0:34:11,29,0:44:34,27,0:01:14,0:19:40,40,1:05:28,
24,22,Jerry Kenbeek,4,H40+,0:08:57,52,0:01:10,0:34:14,31,0:44:20,22,0:01:04,0:20:13,62,1:05:36,
25,5047,Maarten Blokland,4,H24+,0:08:06,7,0:01:24,0:36:06,66,0:45:36,43,0:01:19,0:18:53,19,1:05:47,
26,1030,Bart Klein,1,H24+,0:08:38,24,0:01:23,0:35:31,52,0:45:31,40,0:01:10,0:19:09,25,1:05:49,
27,5135,Timothy Wolvetang,4,H24+,0:08:34,20,0:01:20,0:35:20,45,0:45:12,33,0:01:04,0:19:45,44,1:06:00,
28,6096,Kristof Kovacs,6,H24+,0:08:56,50,0:01:04,0:35:24,46,0:45:23,38,0:01:02,0:19:37,36,1:06:01,
29,5053,Jaap Zwetsloot,4,H24+,0:09:06,63,0:01:09,0:35:39,56,0:45:54,45,0:01:02,0:19:08,24,1:06:03,
30,6046,Leo de Bruijn,6,H40+,0:09:17,87,0:01:19,0:34:07,26,0:44:42,28,0:01:12,0:20:24,73,1:06:17,
31,5039,Richard   Advocaat,4,H24+,0:09:19,91,0:01:43,0:33:00,15,0:44:02,18,0:01:17,0:21:07,102,1:06:25,
32,7060,Wim Hekstra,7,H40+,0:08:49,35,0:01:09,0:35:36,54,0:45:32,42,0:01:06,0:19:53,47,1:06:31,
33,2040,Kevin de Keijzer,2,H24+,0:09:37,700,0:01:35,0:33:14,700,0:44:26,700,0:01:16,0:20:52,700,1:06:33,
34,6062,Tom Beving,6,H24+,0:08:13,8,0:01:29,0:37:42,129,0:47:23,75,0:01:04,0:18:18,12,1:06:43,
35,7014,Dirk Loekemeijer,7,H24+,0:09:32,111,0:01:43,0:32:42,10,0:43:56,16,0:01:04,0:21:46,146,1:06:45,
36,3044,Robbert Wolf,3,H24+,0:09:49,145,0:01:30,0:33:56,24,0:45:14,34,0:01:14,0:20:23,72,1:06:50,
37,6045,Erik Landman,6,H40+,0:09:52,153,0:01:12,0:33:31,21,0:44:34,26,0:01:04,0:21:14,110,1:06:51,
38,5024,Roeland van der Harst,4,H24+,0:08:01,5,0:01:25,0:39:00,192,0:48:25,100,0:01:14,0:17:13,3,1:06:51,
39,5092,Pascal van Houten,4,H24+,0:09:10,72,0:01:32,0:35:26,49,0:46:07,48,0:01:08,0:19:40,41,1:06:54,
40,5027,Niels Verkooijen,4,H40+,0:08:37,22,0:01:19,0:36:48,92,0:46:43,64,0:01:07,0:19:09,26,1:06:59,
41,6030,John Rombouts,6,H40+,0:09:11,75,0:01:13,0:35:08,42,0:45:32,41,0:01:05,0:20:32,79,1:07:08,
42,2089,Michael Meijer,2,H24+,0:08:57,51,0:01:16,0:35:49,62,0:46:01,46,0:00:59,0:20:11,61,1:07:10,
43,6016,Janno de Bruijn,6,H16+,0:08:41,26,0:01:26,0:32:13,6,0:42:19,6,0:01:17,0:23:37,254,1:07:12,
44,7018,Bouke de Loos,7,H24+,0:08:19,12,0:01:35,0:36:53,95,0:46:46,65,0:01:35,0:18:58,20,1:07:17,
45,5035,Martin Oosters,4,H40+,0:08:56,47,0:01:22,0:36:41,84,0:46:59,72,0:01:15,0:19:24,31,1:07:36,
46,6127,Thymen van Voorst,6,H24+,0:08:40,25,0:01:37,0:36:14,69,0:46:30,55,0:01:22,0:19:47,45,1:07:38,
47,4002,Berco Breugem,4,H40+,0:09:05,61,0:01:34,0:35:02,41,0:45:40,44,0:01:20,0:20:42,85,1:07:40,
48,2070,Koen Janmaat,2,H24+,0:09:15,83,0:01:18,0:34:44,37,0:45:16,36,0:01:09,0:21:16,111,1:07:41,
49,3027,Arie Piet de Vogel,3,H40+,0:09:08,66,0:01:33,0:35:44,61,0:46:24,53,0:01:16,0:20:02,52,1:07:41,
50,6015,Merijn de Jong,6,H24+,0:09:15,84,0:01:08,0:36:15,71,0:46:37,61,0:01:08,0:20:03,53,1:07:47,
51,23,Rein de Groot,4,H24+,0:08:25,699,0:01:23,0:38:07,701,0:47:54,701,0:01:23,0:18:31,699,1:07:47,
52,1119,Willem Thijsse,1,H24+,0:09:30,105,0:01:37,0:35:10,44,0:46:15,50,0:01:28,0:20:09,60,1:07:52,
53,7025,Wouter Genuchten,7,H16+,0:09:32,113,0:01:40,0:36:22,74,0:47:33,78,0:01:20,0:19:02,21,1:07:54,
54,6005,Frens Pries,6,H24+,0:09:28,98,0:01:47,0:33:46,23,0:44:59,32,0:01:39,0:21:17,113,1:07:55,
55,3069,Michel Boekestijn,3,H40+,0:09:38,125,0:01:54,0:32:53,14,0:44:23,25,0:01:30,0:22:09,170,1:08:02,
56,1025,Jorden van Luxemburg,1,H24+,0:08:28,18,0:01:28,0:38:34,169,0:48:28,102,0:01:02,0:18:34,14,1:08:03,
57,1053,Stefan Dorsman,1,H24+,0:09:19,90,0:01:36,0:35:41,59,0:46:36,59,0:01:35,0:20:03,54,1:08:12,
58,3014,Rob van Zanten,3,H40+,0:09:10,71,0:01:23,0:36:17,73,0:46:48,66,0:01:24,0:20:05,57,1:08:16,
59,2077,Patrick van der Knaap,2,H24+,0:09:15,85,0:01:42,0:34:19,32,0:45:15,35,0:01:06,0:22:13,176,1:08:34,
60,1004,Piotr Pierzchala,1,H24+,0:09:06,62,0:01:24,0:37:11,108,0:47:39,84,0:00:58,0:20:00,51,1:08:36,
61,1010,Bouke de Graaf,1,H24+,0:08:54,43,0:01:45,0:36:11,68,0:46:50,68,0:01:36,0:20:13,64,1:08:38,
62,2095,Mark de Munter,2,H24+,0:08:25,16,0:01:45,0:38:51,182,0:49:00,118,0:01:34,0:18:06,8,1:08:39,
63,5122,Jasper Veel,4,H24+,0:08:56,49,0:01:25,0:37:10,107,0:47:31,77,0:01:06,0:20:04,56,1:08:40,
64,6095,Corné Kortlever,6,H24+,0:09:09,67,0:01:53,0:35:40,58,0:46:41,62,0:01:24,0:20:41,84,1:08:46,
65,3002,Thierry van Keeken,3,H24+,0:09:11,76,0:01:31,0:36:39,82,0:47:20,74,0:01:29,0:20:06,58,1:08:54,
66,7002,Bart Mennink,7,H24+,0:08:46,33,0:01:20,0:37:57,141,0:48:02,90,0:01:02,0:19:57,49,1:09:00,
67,5091,Jules Holleboom,4,H24+,0:08:31,19,0:01:26,0:38:37,173,0:48:33,105,0:01:18,0:19:11,27,1:09:01,
68,6066,Gio Bobbe,6,H16+,0:08:43,29,0:01:38,0:38:30,166,0:48:49,112,0:01:31,0:18:45,15,1:09:04,
69,1083,Rolf van Lieshout,1,H16+,0:08:54,42,0:01:13,0:38:50,181,0:48:56,117,0:01:19,0:18:50,18,1:09:04,
70,1099,Jeroen Quak,1,H24+,0:08:49,36,0:01:08,0:34:26,34,0:44:22,24,0:01:15,0:23:29,243,1:09:05,
71,7021,Richard Bennis,7,H40+,0:09:28,99,0:01:47,0:34:13,30,0:45:28,39,0:02:06,0:21:32,131,1:09:05,
72,6122,Patrick Verheij,6,H40+,0:09:34,118,0:02:09,0:34:54,39,0:46:36,60,0:01:20,0:21:32,133,1:09:28,
73,7020,Pim Veldhuis,7,H24+,0:09:21,92,0:01:11,0:35:59,64,0:46:30,56,0:01:06,0:21:53,155,1:09:29,
74,3055,Remco Kroonsberg,3,H40+,0:10:14,215,0:01:46,0:34:05,25,0:46:05,47,0:01:26,0:22:03,164,1:09:33,
75,3117,Rutger van Schaardenburg,3,H24+,0:09:49,148,0:01:26,0:36:41,83,0:47:56,89,0:01:13,0:20:32,78,1:09:40,
76,5022,Marco de Wit,4,H40+,0:09:43,131,0:01:29,0:35:39,55,0:46:49,67,0:01:20,0:21:33,134,1:09:41,
77,2031,Erik Visser,2,H40+,0:09:32,114,0:01:08,0:36:59,98,0:47:38,81,0:01:00,0:21:05,100,1:09:42,
78,2009,Marco Stein,2,H40+,0:09:13,78,0:01:36,0:36:23,75,0:47:10,73,0:01:21,0:21:19,118,1:09:48,
79,6102,Jos Moerkerken,6,H24+,0:08:57,53,0:01:10,0:37:37,127,0:47:43,86,0:01:00,0:21:14,109,1:09:56,
80,5056,Jelle Meijer,4,H24+,0:09:10,73,0:01:30,0:36:48,89,0:47:26,76,0:01:27,0:21:05,101,1:09:58,
81,2134,Joran Vergeer,2,H24+,0:08:55,44,0:01:30,0:37:26,120,0:47:49,88,0:01:31,0:20:46,86,1:10:05,
82,4006,Sander Scheerders,4,H24+,0:09:33,116,0:01:46,0:35:24,47,0:46:43,63,0:01:38,0:21:46,147,1:10:06,
83,2062,Matthew Harvey,2,H24+,0:08:53,39,0:01:36,0:39:32,225,0:50:00,146,0:01:18,0:18:49,17,1:10:07,
84,6001,Thommy Nickel,6,H24+,0:09:14,82,0:01:16,0:37:34,125,0:48:03,91,0:01:07,0:21:01,93,1:10:09,
85,2017,Koen van Hees,2,H24+,0:08:45,31,0:02:04,0:37:43,130,0:48:31,104,0:01:24,0:20:16,68,1:10:11,
86,5049,Edwin van Ruijven,4,H40+,0:09:34,117,0:01:57,0:35:24,48,0:46:55,71,0:01:30,0:21:51,151,1:10:14,
87,5136,Derek Zanen,4,H24+,0:08:59,56,0:01:35,0:37:02,101,0:47:35,79,0:01:13,0:21:26,121,1:10:14,
88,2109,Bas Punt,2,H40+,0:10:29,250,0:01:51,0:34:31,36,0:46:50,69,0:01:39,0:21:51,152,1:10:19,
89,4080,Tom Hak,4,H24+,0:07:57,4,0:01:05,0:43:29,420,0:52:30,247,0:00:55,0:16:57,2,1:10:21,
90,2050,Bas Dijkstra,2,H24+,0:09:14,81,0:01:37,0:37:19,114,0:48:09,94,0:01:50,0:20:35,81,1:10:33,
91,3033,Erik Leusink,3,H24+,0:10:06,197,0:01:33,0:36:56,96,0:48:34,106,0:01:28,0:20:32,77,1:10:33,
92,6057,Lars Ammerlaan,6,H16+,0:08:41,28,0:01:35,0:39:35,229,0:49:51,138,0:01:27,0:19:37,35,1:10:53,
93,6044,Sander Eggenhuizen,6,H40+,0:09:36,122,0:01:57,0:36:57,97,0:48:29,103,0:01:27,0:21:01,94,1:10:56,
94,1104,Wout van Rossem,1,H24+,0:08:53,38,0:01:33,0:38:25,162,0:48:50,116,0:01:31,0:20:40,83,1:11:00,
95,6037,Jan van Bennekom,6,H40+,0:09:10,74,0:01:33,0:38:41,175,0:49:23,125,0:01:17,0:20:27,76,1:11:06,
96,2107,Anne-To van Puffelen,2,D24+,0:09:29,102,0:01:37,0:37:22,117,0:48:27,101,0:01:22,0:21:26,120,1:11:14,
97,6038,Edwin Hubers,6,H24+,0:08:57,54,0:01:08,0:40:04,249,0:50:09,154,0:01:05,0:20:04,55,1:11:17,
98,5076,Susie Cats,4,D24+,0:09:43,134,0:01:56,0:36:44,86,0:48:22,99,0:01:15,0:21:44,145,1:11:21,
99,5033,Marcel van der Linden,4,H40+,0:09:43,133,0:01:27,0:36:29,79,0:47:38,82,0:01:33,0:22:13,177,1:11:24,
100,4101,A van der Meer,4,H24+,0:09:30,104,0:01:35,0:37:02,100,0:48:06,92,0:01:46,0:21:40,142,1:11:32,
101,4123,Ruben van Smaalen,4,H24+,0:08:55,45,0:01:40,0:39:34,227,0:50:07,152,0:01:46,0:19:39,37,1:11:32,
102,7067, Robert  Hol,7,H24+,0:10:15,217,0:01:22,0:36:43,85,0:48:18,97,0:01:42,0:21:32,132,1:11:32,
103,4056,Nelleke Baldé,4,D24+,0:09:54,159,0:01:32,0:36:48,91,0:48:13,96,0:01:19,0:22:05,166,1:11:35,
104,7013,Willem  De Gouw,7,H40+,0:10:01,181,0:01:12,0:35:40,57,0:46:52,70,0:01:14,0:23:31,249,1:11:36,
105,6051,Hilde Pape,6,D24+,0:09:01,57,0:01:37,0:39:30,221,0:50:07,151,0:01:18,0:20:13,63,1:11:36,
106,5084,Dennis Franken,4,H24+,0:09:58,171,0:01:58,0:36:24,77,0:48:19,98,0:01:53,0:21:32,130,1:11:43,
107,6090,Jurriaan Huisman,6,H24+,0:09:29,101,0:01:01,0:38:49,179,0:49:17,124,0:00:57,0:21:34,136,1:11:47,
108,4026,Leon Sperling,4,H24+,0:09:26,96,0:01:30,0:36:53,94,0:47:48,87,0:01:17,0:22:44,198,1:11:49,
109,4018,Daniël Hordijk,4,H24+,0:09:17,88,0:01:48,0:38:30,165,0:49:34,130,0:01:16,0:21:01,95,1:11:50,
110,6099,Koen van der Leeden,6,H24+,0:08:35,21,0:01:21,0:39:40,233,0:49:35,131,0:01:17,0:21:01,96,1:11:52,
111,4138,Sjoerd Witmont,4,H40+,0:09:03,59,0:01:26,0:39:00,189,0:49:28,128,0:01:17,0:21:12,108,1:11:55,
112,3046,Arne Speijer,3,H24+,0:09:26,94,0:02:03,0:37:49,133,0:49:17,123,0:02:23,0:20:16,67,1:11:55,
113,7007,Arnoud van Amersfoort,7,H40+,0:09:36,120,0:01:57,0:36:11,67,0:47:42,85,0:01:28,0:22:53,200,1:12:03,
114,5043,Mike Zijlmans,4,H24+,0:08:44,30,0:02:17,0:40:17,256,0:51:17,197,0:02:00,0:18:47,16,1:12:03,
115,7043,Peter Sanders,7,H40+,0:10:49,303,0:01:38,0:36:23,76,0:48:50,114,0:01:14,0:22:02,162,1:12:04,
116,7028,Leon Hordijk,7,H24+,0:09:42,130,0:01:57,0:37:07,103,0:48:46,111,0:01:26,0:21:55,157,1:12:06,
117,4011,Francesco Morici,4,H40+,0:08:53,37,0:01:46,0:39:15,206,0:49:53,140,0:01:15,0:21:03,97,1:12:10,
118,5111,Titus Schoffelen,4,H24+,0:09:31,107,0:01:33,0:37:32,123,0:48:35,108,0:01:47,0:21:56,158,1:12:18,
119,5064,Andy Oskam,4,H40+,0:08:21,14,0:02:00,0:39:57,247,0:50:17,159,0:03:00,0:19:04,22,1:12:21,
120,1035,Jeroen Alblas,1,H24+,0:10:33,264,0:01:25,0:40:10,253,0:52:07,235,0:01:04,0:19:17,29,1:12:27,
121,1060,Bart Hermanns,1,H40+,0:09:31,108,0:02:11,0:37:20,115,0:49:02,120,0:01:56,0:21:30,127,1:12:28,
122,3052,Ferry de Valk,3,H40+,0:09:53,158,0:01:42,0:38:44,177,0:50:19,160,0:01:19,0:20:55,91,1:12:33,
123,3064,John Berkeljon,3,H40+,0:10:09,205,0:01:35,0:36:52,93,0:48:35,107,0:01:37,0:22:22,182,1:12:33,
124,7075,Folkert  Van der Ploeg,7,H24+,0:10:14,216,0:01:38,0:36:16,72,0:48:08,93,0:01:28,0:22:58,210,1:12:33,
125,5003,Maurice van Gameren,4,H24+,0:09:45,136,0:01:39,0:36:15,70,0:47:37,80,0:01:42,0:23:28,241,1:12:46,
126,5048,Bastiaan Blokland,4,H24+,0:09:09,70,0:01:27,0:38:25,163,0:49:01,119,0:01:47,0:22:00,160,1:12:48,
127,3059,Marcel Heijnen,3,H40+,0:10:32,262,0:01:34,0:37:27,121,0:49:32,129,0:01:31,0:21:47,148,1:12:50,
128,3015,Gaston Vazquez,3,H24+,0:10:21,232,0:01:27,0:38:13,153,0:50:01,147,0:01:26,0:21:27,122,1:12:53,
129,5032,Floris Kruysifix,4,H40+,0:09:34,119,0:01:39,0:35:09,43,0:46:21,52,0:02:21,0:24:18,318,1:12:58,
130,4090,Sander Klink,4,H24+,0:09:27,97,0:01:23,0:39:50,241,0:50:39,175,0:01:24,0:20:58,92,1:13:00,
131,7000,Nils Bronswijk,7,H24+,0:10:02,182,0:01:39,0:37:44,132,0:49:23,126,0:01:29,0:22:09,169,1:13:01,
132,6058,Antoine Avril,6,H24+,0:09:55,167,0:01:40,0:37:34,124,0:49:08,121,0:01:48,0:22:11,174,1:13:06,
133,5070,Kirsten Verkooijen,4,D24+,0:10:16,220,0:01:38,0:37:49,134,0:49:43,136,0:01:36,0:21:50,149,1:13:08,
134,1129,Daan Veer,1,H24+,0:10:29,251,0:01:20,0:38:25,161,0:50:13,156,0:01:21,0:21:38,140,1:13:11,
135,7030,Steven Lankhorst,7,H24+,0:09:46,139,0:01:53,0:36:33,80,0:48:10,95,0:01:41,0:23:21,235,1:13:12,
136,4015,Christian Ibarra,4,H24+,0:09:17,86,0:01:48,0:39:40,232,0:50:43,179,0:01:23,0:21:18,115,1:13:23,
137,3060,Menno Emmink,3,H40+,0:10:07,199,0:01:46,0:37:16,112,0:49:09,122,0:01:47,0:22:31,188,1:13:26,
138,5072,Vincent Boere,4,H24+,0:09:02,58,0:01:55,0:39:10,201,0:50:06,149,0:02:14,0:21:09,104,1:13:28,
139,5062,Jeroen Alkemade,4,H40+,0:10:04,191,0:01:50,0:38:03,143,0:49:57,143,0:01:30,0:22:04,165,1:13:30,
140,4066,Ryan van Dijk,4,H24+,0:10:25,239,0:01:35,0:36:38,81,0:48:37,109,0:01:40,0:23:17,232,1:13:33,
141,4128,Danny Ter Laak,4,H24+,0:09:59,175,0:01:42,0:39:31,222,0:51:10,191,0:01:36,0:20:51,89,1:13:36,
142,4121,Martijn Rödel,4,H24+,0:09:58,172,0:01:58,0:40:24,267,0:52:18,239,0:01:40,0:19:39,38,1:13:37,
143,5125,Jay Verhulsdonck,4,H24+,0:10:38,278,0:01:38,0:38:50,180,0:51:05,188,0:01:24,0:21:09,105,1:13:37,
144,5068,Matteo Bettoni,4,H24+,0:09:37,124,0:01:42,0:39:20,211,0:50:38,174,0:01:40,0:21:21,119,1:13:39,
145,2028,Peter van der Elst,2,H24+,0:09:32,112,0:01:56,0:39:10,199,0:50:36,173,0:01:47,0:21:17,114,1:13:39,
146,4038,Marcel de Jeu,4,H40+,0:10:09,206,0:01:54,0:36:48,90,0:48:50,115,0:02:27,0:22:25,184,1:13:42,
147,7082,Rogier Potter van Loon,7,H24+,0:10:03,186,0:01:17,0:39:13,205,0:50:32,172,0:01:04,0:22:11,175,1:13:46,
148,5058,Simone Lankhuijzen,4,D40+,0:10:28,247,0:01:50,0:38:08,150,0:50:26,164,0:01:37,0:21:51,150,1:13:52,
149,6034,Alex Elbers,6,H40+,0:10:34,706,0:01:20,0:38:31,702,0:50:23,702,0:01:18,0:22:19,704,1:13:59,
150,5081,Michel Dekker,4,H40+,0:10:09,202,0:01:40,0:35:51,63,0:47:39,83,0:01:52,0:24:29,333,1:14:00,
151,1100,Maarten Quist,1,H40+,0:09:54,161,0:01:26,0:37:30,122,0:48:49,113,0:01:23,0:23:50,273,1:14:01,
152,3088,Rob Hirs,3,H40+,0:10:18,222,0:02:58,0:37:16,113,0:50:31,169,0:02:00,0:21:31,129,1:14:01,
153,6035,Erwin Mesker,6,H40+,0:09:32,110,0:01:44,0:40:18,262,0:51:33,208,0:01:35,0:21:03,98,1:14:10,
154,2099,Bram Olmer,2,H24+,0:10:51,308,0:01:52,0:39:02,194,0:51:44,219,0:01:27,0:21:03,99,1:14:14,
155,1105,Ben Ruiter,1,H24+,0:10:05,194,0:01:22,0:38:09,151,0:49:35,132,0:01:07,0:23:37,256,1:14:18,
156,1069,Michel Jochems,1,H24+,0:09:45,137,0:01:39,0:38:47,178,0:50:10,155,0:01:19,0:23:01,216,1:14:29,
157,5093,Michiel Huijgen,4,H24+,0:09:04,60,0:01:36,0:40:43,283,0:51:21,199,0:01:17,0:21:53,153,1:14:30,
158,1063,Jurn Hoogma,1,H24+,0:09:18,89,0:01:34,0:40:31,273,0:51:22,200,0:01:11,0:22:01,161,1:14:33,
159,7004,Jerry Ramzan,7,H40+,0:09:46,701,0:01:57,0:40:28,703,0:52:10,703,0:01:11,0:21:14,701,1:14:34,
160,7015,Moniek van Lieshout,7,D24+,0:10:34,265,0:01:29,0:41:30,319,0:53:32,282,0:01:06,0:19:58,50,1:14:35,
161,2076,Remon Kik,2,H24+,0:10:24,236,0:01:25,0:38:05,146,0:49:52,139,0:01:26,0:23:24,239,1:14:41,
162,4017,Dave van Dijk,4,H24+,0:10:18,223,0:01:52,0:38:33,168,0:50:42,178,0:01:23,0:22:38,193,1:14:41,
163,1091,Rene de Milliano,1,H24+,0:10:29,252,0:01:41,0:37:36,126,0:49:44,137,0:01:34,0:23:24,238,1:14:41,
164,6098,Jean-Julien Lecocq,6,H24+,0:09:48,143,0:01:11,0:41:05,300,0:52:04,230,0:01:10,0:21:30,126,1:14:43,
165,4003,Tim van der Torre,4,H24+,0:10:11,208,0:01:44,0:38:20,157,0:50:14,157,0:01:33,0:22:58,211,1:14:45,
166,1016,Mark van der Louw,1,H24+,0:10:02,183,0:01:43,0:38:17,156,0:50:02,148,0:01:34,0:23:14,227,1:14:49,
167,4133,Arco van der Vlist,4,H24+,0:10:00,177,0:01:51,0:39:40,231,0:51:29,204,0:01:40,0:21:41,143,1:14:49,
168,4079,Roy Haast,4,H24+,0:10:24,237,0:01:40,0:38:23,159,0:50:27,165,0:01:33,0:22:55,205,1:14:53,
169,2086,Rens Linders,2,H24+,0:09:55,166,0:01:35,0:40:09,252,0:51:38,214,0:01:38,0:21:42,144,1:14:57,
170,2004,Germijn Heijnen,2,D24+,0:10:26,241,0:01:28,0:39:45,240,0:51:37,212,0:01:13,0:22:10,173,1:14:59,
171,3120,Henk Scholte Albers,3,H40+,0:10:12,209,0:01:59,0:38:15,155,0:50:24,163,0:01:43,0:22:53,199,1:14:59,
172,4039,Janwillem Sweep,4,H24+,0:09:45,138,0:01:49,0:37:54,137,0:49:27,127,0:01:16,0:24:20,323,1:15:02,
173,1087,Ben Meijer,1,H24+,0:11:42,432,0:01:57,0:36:01,65,0:49:39,134,0:01:37,0:23:48,270,1:15:03,
174,4103,Igor Mucavac,4,H24+,0:10:23,234,0:01:25,0:38:53,184,0:50:39,176,0:01:19,0:23:06,219,1:15:04,
175,6010,Dirk De Wit,6,H40+,0:10:10,207,0:01:43,0:39:22,214,0:51:14,195,0:01:27,0:22:25,185,1:15:05,
176,3077,Ryan Douglas,3,H40+,0:09:37,123,0:01:50,0:39:19,208,0:50:45,180,0:01:42,0:22:39,195,1:15:06,
177,3012,Marvin Rid,3,H40+,0:09:44,135,0:01:11,0:41:10,304,0:52:04,231,0:00:58,0:22:05,167,1:15:06,
178,5037,Jelle de Jong,4,H24+,0:08:58,55,0:01:54,0:40:57,295,0:51:47,221,0:01:17,0:22:02,163,1:15:06,
179,1076,Gerard Kool,1,H24+,0:10:06,195,0:01:57,0:38:04,145,0:50:06,150,0:01:24,0:23:40,259,1:15:10,
180,2021,Sander Steenbrink,2,H40+,0:10:35,266,0:01:26,0:37:54,138,0:49:54,141,0:01:23,0:23:54,283,1:15:11,
181,6041,Remo Dekker,6,H24+,0:10:33,263,0:01:52,0:39:00,191,0:51:24,201,0:01:24,0:22:28,186,1:15:14,
182,6023,Raymond Barendse,6,H24+,0:10:19,225,0:01:26,0:38:10,152,0:49:54,142,0:01:24,0:24:06,303,1:15:24,
183,1095,Timothy Ooms,1,H24+,0:09:50,149,0:01:28,0:39:54,244,0:51:11,193,0:01:17,0:23:04,218,1:15:30,
184,1122,Tim Tutert,1,H24+,0:10:17,221,0:01:48,0:39:11,202,0:51:15,196,0:01:33,0:22:44,197,1:15:31,
185,2128,Rainier Van Vlokhoven,2,H24+,0:11:00,327,0:01:45,0:39:27,218,0:52:11,236,0:01:17,0:22:10,172,1:15:37,
186,1017,Lubomir Kudlicka,1,H40+,0:09:36,121,0:01:42,0:40:18,259,0:51:35,210,0:01:33,0:22:33,189,1:15:40,
187,1067,Tim van der Horst,1,H24+,0:09:57,170,0:02:36,0:40:36,276,0:53:08,270,0:01:24,0:21:10,107,1:15:41,
188,1018,Rogier Collignon,1,H24+,0:09:49,144,0:02:03,0:38:57,186,0:50:47,181,0:02:04,0:22:54,203,1:15:43,
189,7078,Rob Otten,7,H40+,0:11:22,387,0:01:48,0:35:29,51,0:48:39,110,0:01:48,0:25:18,381,1:15:44,
190,6009,Frank Hammer,6,H40+,0:10:29,254,0:01:47,0:38:24,160,0:50:40,177,0:01:31,0:23:35,252,1:15:45,
191,1080,Ronald de Kruif,1,H24+,0:10:01,180,0:01:56,0:39:25,216,0:51:21,198,0:02:07,0:22:18,181,1:15:45,
192,7012,Mark Bauhuis,7,H24+,0:11:16,374,0:01:39,0:37:23,118,0:50:17,158,0:01:33,0:23:59,290,1:15:48,
193,6093,Tijmen Hupkens,6,H24+,0:10:09,204,0:01:38,0:37:54,139,0:49:40,135,0:01:55,0:24:15,314,1:15:50,
194,1031,Sander Collignon,1,H24+,0:09:48,141,0:01:46,0:41:53,343,0:53:26,280,0:01:35,0:20:50,87,1:15:50,
195,6003,Krista van Soldt,6,D24+,0:10:39,281,0:01:32,0:39:35,228,0:51:44,218,0:01:10,0:23:01,213,1:15:54,
196,5082,Peter Dekker,4,H40+,0:09:42,129,0:02:01,0:40:54,292,0:52:36,251,0:01:47,0:21:34,137,1:15:56,
197,7115,Sjoerd Talsma,7,H40+,0:09:57,169,0:01:53,0:42:17,369,0:54:05,301,0:01:36,0:20:16,66,1:15:56,
198,6077,Wouter Drinkwaard,6,H24+,0:11:42,430,0:01:32,0:39:05,195,0:52:18,240,0:01:04,0:22:35,191,1:15:57,
199,3026,Martijn Koot,3,H40+,0:09:51,152,0:02:14,0:39:57,246,0:52:01,229,0:02:23,0:21:36,139,1:15:59,
200,2052,Bin Krens,2,H24+,0:09:26,95,0:02:13,0:41:03,299,0:52:41,256,0:01:47,0:21:33,135,1:16:00,
201,5063,Mark Rooduijn,4,H40+,0:10:56,319,0:02:48,0:37:11,109,0:50:54,183,0:02:15,0:22:56,207,1:16:04,
202,2038,Jay Biharie,2,H24+,0:09:40,128,0:01:57,0:40:52,290,0:52:27,245,0:01:23,0:22:15,179,1:16:04,
203,6109,Frank Prevos,6,H40+,0:10:57,323,0:01:37,0:38:37,171,0:51:11,192,0:01:45,0:23:10,222,1:16:04,
204,6083,Frans Faber,6,H40+,0:10:57,322,0:01:42,0:37:51,136,0:50:30,167,0:01:25,0:24:10,311,1:16:05,
205,2136,Johan de Visser,2,H40+,0:09:28,100,0:02:24,0:40:27,270,0:52:19,241,0:01:49,0:22:10,171,1:16:17,
206,4041,Patrick van der Ham,4,H40+,0:10:08,200,0:01:16,0:39:32,226,0:50:55,184,0:01:17,0:24:19,321,1:16:30,
207,6104,Lennard Muilwijk,6,H24+,0:09:52,156,0:01:23,0:40:51,288,0:52:05,232,0:01:05,0:23:23,237,1:16:32,
208,4035,Robert Verhagen,4,H24+,0:11:12,359,0:02:00,0:37:16,111,0:50:28,166,0:02:06,0:24:05,300,1:16:38,
209,3041,Tim van Duin,3,H24+,0:09:52,154,0:01:30,0:39:11,203,0:50:32,170,0:01:09,0:24:59,364,1:16:38,
210,1026,Lieke Ouwerkerk,1,D16+,0:10:05,193,0:01:38,0:40:18,258,0:52:00,228,0:01:13,0:23:32,250,1:16:44,
211,7081,Ronald  Broeders ,7,H24+,0:09:54,165,0:01:27,0:38:37,170,0:49:57,144,0:01:33,0:25:18,380,1:16:47,
212,2090,Martijn Meijer,2,H40+,0:10:00,179,0:01:52,0:41:03,298,0:52:54,262,0:01:40,0:22:14,178,1:16:47,
213,3053,Marcel Blommendaal,3,H40+,0:11:13,362,0:01:35,0:39:20,210,0:52:06,234,0:01:31,0:23:12,224,1:16:49,
214,2016,David van Straalen,2,H24+,0:10:15,218,0:01:51,0:39:43,237,0:51:49,222,0:01:56,0:23:08,220,1:16:52,
215,4012,Jordi Buisman,4,H24+,0:09:56,168,0:01:54,0:40:40,281,0:52:30,246,0:01:55,0:22:30,187,1:16:53,
216,2104,Maurits Peeters,2,H24+,0:10:57,324,0:01:35,0:38:32,167,0:51:03,187,0:01:19,0:24:34,338,1:16:54,
217,5042,Frank   Olsthoorn,4,H40+,0:10:06,198,0:02:10,0:38:06,147,0:50:21,161,0:01:59,0:24:36,342,1:16:55,
218,2014,Marcel Zijderhand,2,H24+,0:10:32,261,0:01:58,0:38:37,172,0:51:06,189,0:01:55,0:23:57,288,1:16:57,
219,2044,Erik Boender,2,H40+,0:10:39,280,0:01:38,0:37:21,116,0:49:36,133,0:01:50,0:25:36,401,1:17:02,
220,3085,Onno Helder,3,H40+,0:10:52,309,0:02:17,0:40:20,264,0:53:27,281,0:02:01,0:21:36,138,1:17:03,
221,2093,Hugo du Mez,2,H24+,0:09:09,68,0:01:18,0:43:25,414,0:53:51,292,0:00:59,0:22:18,180,1:17:07,
222,7033,Yanick Lozano Parra,7,H24+,0:09:09,69,0:02:00,0:41:12,309,0:52:20,242,0:01:49,0:22:59,212,1:17:08,
223,5103,Riko Ooijevaar,4,H24+,0:11:42,435,0:01:44,0:38:07,148,0:51:33,206,0:01:29,0:24:12,312,1:17:12,
224,5054,Patrick Danny van Hoof,4,H24+,0:10:06,196,0:01:29,0:40:18,260,0:51:52,225,0:01:38,0:23:43,264,1:17:12,
225,2100,Koen Olmer,2,H24+,0:10:53,312,0:01:48,0:42:33,382,0:55:12,355,0:01:29,0:20:37,82,1:17:18,
226,3106,Remy Olsthoorn,3,H24+,0:11:07,345,0:01:41,0:38:53,185,0:51:40,217,0:01:38,0:24:00,292,1:17:18,
227,6118,Leslie Teo,6,H24+,0:09:59,174,0:01:52,0:42:32,381,0:54:22,315,0:01:27,0:21:39,141,1:17:27,
228,4116,Tiago Rodrigues,4,H24+,0:09:49,146,0:01:27,0:42:26,378,0:53:42,288,0:01:10,0:22:39,194,1:17:29,
229,1055,Sander Duinker,1,H40+,0:10:03,185,0:01:58,0:39:09,198,0:51:09,190,0:01:34,0:24:50,354,1:17:32,
230,6055,Juan Carlos Alvarez,6,H24+,0:09:50,150,0:01:36,0:44:31,472,0:55:56,386,0:01:14,0:20:23,71,1:17:33,
231,7070,Pieter Schoustra,7,H24+,0:10:47,297,0:02:00,0:39:57,248,0:52:44,257,0:01:40,0:23:12,223,1:17:34,
232,4120,Steyn Schiltkamp,4,H24+,0:10:18,224,0:01:50,0:39:42,236,0:51:49,223,0:01:42,0:24:06,305,1:17:36,
233,4136,Gerard Vos,4,H40+,0:11:02,332,0:01:55,0:37:55,140,0:50:52,182,0:01:40,0:25:06,371,1:17:37,
234,7006,Han De Ruiter,7,H40+,0:10:04,189,0:01:41,0:42:25,376,0:54:08,303,0:01:38,0:21:53,154,1:17:38,
235,1024,Peter Fortuin,1,H40+,0:12:33,535,0:01:50,0:37:25,119,0:51:46,220,0:01:27,0:24:27,331,1:17:39,
236,4034,Stefan Kool,4,H24+,0:10:02,184,0:02:00,0:39:01,193,0:51:02,185,0:01:47,0:24:54,359,1:17:42,
237,6024,Oscar Schouten,6,H40+,0:10:45,291,0:01:21,0:41:16,310,0:53:20,279,0:01:08,0:23:17,231,1:17:44,
238,4075,Colin Duran,4,H24+,0:10:19,227,0:01:49,0:43:16,407,0:55:23,366,0:01:31,0:20:51,88,1:17:44,
239,4054,Jaap Albers,4,H24+,0:09:59,176,0:01:42,0:38:41,174,0:50:21,162,0:01:31,0:25:57,417,1:17:49,
240,6019,Nick Brinkman,6,H24+,0:09:38,126,0:01:39,0:41:11,307,0:52:27,244,0:01:32,0:23:54,279,1:17:52,
241,7017,Maria van der Velden,7,D24+,0:10:45,292,0:01:57,0:39:13,204,0:51:54,227,0:01:32,0:24:29,332,1:17:54,
242,5086,Frank van Haastrecht,4,H24+,0:10:36,273,0:01:20,0:41:59,349,0:53:54,294,0:01:08,0:22:54,204,1:17:55,
243,2071,Marcel de Jong,2,H24+,0:11:39,420,0:02:05,0:37:51,135,0:51:33,207,0:01:49,0:24:35,340,1:17:56,
244,3020,Arco Moerkerken,3,H40+,0:11:14,367,0:02:02,0:39:00,190,0:52:15,237,0:01:57,0:23:47,266,1:17:58,
245,5077,Rob Coenen,4,H16+,0:10:13,211,0:02:07,0:39:31,223,0:51:50,224,0:01:39,0:24:39,346,1:18:07,
246,4135,Martijn van der Voorden,4,H24+,0:09:54,163,0:01:46,0:41:18,313,0:52:57,264,0:02:09,0:23:02,217,1:18:07,
247,4102,Jaco van Middelkoop,4,H40+,0:10:49,300,0:02:11,0:39:18,207,0:52:16,238,0:02:06,0:23:48,268,1:18:09,
248,5010,Berry   Teeuwen,4,H40+,0:10:43,287,0:02:03,0:38:43,176,0:51:28,202,0:02:52,0:23:54,282,1:18:13,
249,6056,Merel l' Ami,6,D24+,0:11:52,449,0:01:39,0:37:58,142,0:51:28,203,0:01:22,0:25:28,391,1:18:16,
250,3119,Jan van Scholl,3,H40+,0:10:31,258,0:02:05,0:38:27,164,0:51:02,186,0:01:38,0:25:37,402,1:18:16,
251,5102,Koen Mooij,4,H24+,0:09:38,127,0:01:52,0:41:11,305,0:52:40,255,0:01:41,0:23:57,287,1:18:17,
252,5044,Jurgen Groen,4,H24+,0:11:08,350,0:01:59,0:38:07,149,0:51:13,194,0:01:41,0:25:28,392,1:18:20,
253,6008,Dennis Kuijper,6,H24+,0:10:13,212,0:02:05,0:40:57,296,0:53:14,274,0:02:00,0:23:14,226,1:18:27,
254,5061,Hans Sander,4,H40+,0:12:00,466,0:01:59,0:38:22,158,0:52:20,243,0:01:49,0:24:22,325,1:18:30,
255,1113,Monique Smith,1,D40+,0:09:53,157,0:01:32,0:43:13,405,0:54:38,326,0:01:36,0:22:24,183,1:18:37,
256,5097,Jonathan Leest,4,H24+,0:10:42,286,0:01:45,0:39:08,196,0:51:35,209,0:02:11,0:24:53,357,1:18:37,
257,5018,Janneke van Spijker,4,D40+,0:10:59,326,0:01:53,0:40:42,282,0:53:34,283,0:01:39,0:23:26,240,1:18:37,
258,4029,Roeland van den Heuvel,4,H24+,0:10:43,289,0:01:52,0:40:45,284,0:53:19,278,0:01:59,0:23:22,236,1:18:40,
259,5134,Mark van Wijk,4,H24+,0:09:52,155,0:02:04,0:41:50,340,0:53:46,289,0:02:02,0:22:57,208,1:18:44,
260,7062,Bart Reus,7,H24+,0:10:35,267,0:01:27,0:40:37,278,0:52:38,253,0:01:37,0:24:32,335,1:18:46,
261,1090,Timon van der Meulen,1,H24+,0:11:02,333,0:02:11,0:39:27,217,0:52:39,254,0:01:35,0:24:36,343,1:18:49,
262,6022,Menno Steenbergen,6,H24+,0:09:48,142,0:01:49,0:45:39,520,0:57:15,432,0:01:19,0:20:18,69,1:18:50,
263,6119,Stephan Van DerKolk,6,H24+,0:09:54,162,0:01:25,0:41:58,347,0:53:16,275,0:01:34,0:24:09,307,1:18:58,
264,4067,Saskia van Dijke,4,D24+,0:11:13,363,0:01:45,0:41:20,316,0:54:17,311,0:01:46,0:22:58,209,1:18:59,
265,1059,Jerry Heij,1,H24+,0:10:27,245,0:01:40,0:41:48,339,0:53:55,295,0:01:21,0:23:47,267,1:19:02,
266,1036,Barbara Ammerlaan,1,D40+,0:09:54,160,0:02:03,0:43:27,417,0:55:22,365,0:01:48,0:21:54,156,1:19:02,
267,3043,Arnold Poot,3,H24+,0:11:30,402,0:01:33,0:40:34,274,0:53:37,285,0:01:25,0:24:02,295,1:19:03,
268,7023,Dragan Dimovski,7,H24+,0:10:09,201,0:01:30,0:41:11,306,0:52:48,259,0:01:19,0:24:58,363,1:19:05,
269,2006,Rick Keijser,2,H24+,0:11:15,371,0:01:22,0:42:27,379,0:55:03,345,0:01:11,0:22:56,206,1:19:09,
270,3091,Erik Hurkmans,3,H40+,0:11:14,368,0:01:58,0:39:55,245,0:53:06,268,0:02:04,0:24:05,301,1:19:14,
271,3010,R. van Heijningen,3,H40+,0:11:42,436,0:02:19,0:39:08,197,0:53:09,271,0:01:49,0:24:17,317,1:19:14,
272,7027,Roy Heikoop,7,H24+,0:10:16,219,0:01:55,0:42:40,388,0:54:50,333,0:01:51,0:22:36,192,1:19:16,
273,6092,Jesse Hupkens,6,H16+,0:09:54,164,0:02:07,0:41:09,302,0:53:10,272,0:02:09,0:24:00,291,1:19:19,
274,3018,Micha Poot,3,H24+,0:10:42,285,0:01:40,0:41:35,326,0:53:56,296,0:01:31,0:23:54,284,1:19:21,
275,5074,Robin van Bommel,4,H24+,0:09:33,115,0:01:50,0:43:04,400,0:54:26,317,0:01:41,0:23:17,233,1:19:23,
276,4076,Ingmar de Gelder,4,H40+,0:10:36,272,0:01:42,0:44:14,462,0:56:31,407,0:01:25,0:21:27,123,1:19:23,
277,2042,Kees van Paassen,2,H40+,0:11:38,419,0:01:44,0:39:29,220,0:52:50,260,0:02:19,0:24:16,316,1:19:24,
278,6071,Javier Calucho,6,H24+,0:10:23,235,0:01:31,0:41:54,344,0:53:47,290,0:01:29,0:24:10,308,1:19:25,
279,4019,Hans van Helden,4,H24+,0:11:38,418,0:01:37,0:40:52,291,0:54:06,302,0:01:40,0:23:40,261,1:19:25,
280,3102,Kim Meinhardt,3,H40+,0:11:21,385,0:01:40,0:42:37,385,0:55:37,374,0:01:52,0:21:57,159,1:19:25,
281,5066,Madelon Baans,4,D40+,0:10:52,311,0:01:50,0:41:10,303,0:53:51,291,0:01:44,0:23:53,276,1:19:27,
282,5006,Hans   Kruijt,4,H40+,0:11:59,465,0:02:07,0:40:18,261,0:54:23,316,0:01:59,0:23:16,229,1:19:37,
283,7035,Rick Nagle,7,H24+,0:10:05,703,0:01:25,0:45:48,708,0:57:17,706,0:01:00,0:21:21,702,1:19:38,
284,2001,Ronald Fontijn,2,H24+,0:10:29,253,0:01:31,0:41:42,334,0:53:41,287,0:01:07,0:24:51,355,1:19:38,
285,4105,Bert Nap,4,H40+,0:10:50,304,0:02:17,0:39:41,235,0:52:47,258,0:01:57,0:24:56,360,1:19:39,
286,1013,Lynn van Toledo,1,D16+,0:10:03,187,0:01:44,0:43:54,443,0:55:40,375,0:01:18,0:22:53,201,1:19:50,
287,6031,Martijn Baas,6,H24+,0:11:32,405,0:01:45,0:39:44,238,0:53:00,265,0:01:53,0:25:00,367,1:19:52,
288,3108,Klaas van der Knaap,3,H24+,0:09:07,65,0:01:49,0:45:29,513,0:56:24,401,0:02:02,0:21:29,125,1:19:54,
289,5009,Patrick Steenbergen,4,H24+,0:10:09,203,0:01:58,0:44:00,449,0:56:06,392,0:02:43,0:21:10,106,1:19:57,
290,2122,Mitch Tijsma,2,H24+,0:09:13,79,0:01:40,0:43:22,412,0:54:15,310,0:01:46,0:23:58,289,1:19:58,
291,7039,Andrew Osseman,7,H24+,0:11:29,400,0:01:34,0:40:17,257,0:53:19,277,0:01:24,0:25:18,379,1:20:00,
292,1039,Mathijs van den Berg,1,H24+,0:11:10,352,0:02:06,0:39:21,212,0:52:35,250,0:01:41,0:25:47,409,1:20:02,
293,2007,Wendy Sneekes,2,D24+,0:10:31,257,0:02:06,0:43:58,447,0:56:33,408,0:02:05,0:21:28,124,1:20:05,
294,1043,Hillebrand Boogerd,1,H40+,0:11:07,343,0:02:10,0:39:21,213,0:52:37,252,0:01:51,0:25:40,404,1:20:07,
295,3058,Ivo Halkes,3,H24+,0:12:07,481,0:01:36,0:40:20,265,0:54:03,298,0:01:36,0:24:31,334,1:20:09,
296,6088,Bob Hoek,6,H24+,0:10:14,213,0:01:39,0:42:49,394,0:54:40,328,0:01:22,0:24:09,306,1:20:10,
297,1132,Edwin Vermaas,1,H24+,0:12:13,490,0:02:17,0:37:03,102,0:51:32,205,0:01:26,0:27:16,484,1:20:12,
298,5045,Renaldo Antonissen,4,H24+,0:11:03,334,0:02:29,0:36:59,99,0:50:30,168,0:01:46,0:27:59,515,1:20:14,
299,2074,Patrick Boon,2,H24+,0:11:26,392,0:01:17,0:42:21,371,0:55:02,343,0:01:13,0:24:05,299,1:20:19,
300,4118,Marco Roos,4,H40+,0:11:16,372,0:01:46,0:42:12,360,0:55:12,354,0:01:31,0:23:37,257,1:20:20,
301,1089,Brendan van Merrienboer,1,H40+,0:11:01,330,0:02:31,0:40:06,251,0:53:37,286,0:02:25,0:24:18,319,1:20:20,
302,5012,Klaas   Versloot,4,H40+,0:11:39,421,0:02:38,0:39:37,230,0:53:53,293,0:02:15,0:24:16,315,1:20:23,
303,1130,Irene van der Veer,1,D16+,0:11:04,337,0:01:55,0:40:37,279,0:53:34,284,0:01:45,0:25:06,370,1:20:24,
304,2003,Jeroen Grooters,2,H24+,0:11:18,379,0:02:58,0:40:46,285,0:55:01,342,0:01:57,0:23:28,242,1:20:26,
305,3087,Anne van Zweeden,3,D24+,0:11:03,336,0:01:50,0:41:55,345,0:54:47,332,0:01:39,0:24:01,293,1:20:27,
306,6048,Daniëlle Blomsma,6,D24+,0:10:25,238,0:01:48,0:42:48,393,0:55:01,341,0:01:26,0:24:03,296,1:20:28,
307,2022,Jeannette van der Rhee,2,D24+,0:10:20,229,0:01:28,0:45:14,504,0:57:01,423,0:01:22,0:22:06,168,1:20:28,
308,6113,Stefan de Ruijter,6,H24+,0:10:35,270,0:01:32,0:43:41,432,0:55:47,381,0:01:11,0:23:31,247,1:20:28,
309,3132,Rudolf ten Velden,3,H40+,0:10:43,288,0:02:12,0:38:59,188,0:51:54,226,0:02:43,0:25:56,416,1:20:32,
310,4027,Tim van der Elst,4,H24+,0:11:12,360,0:02:00,0:36:47,87,0:49:58,145,0:02:13,0:28:25,532,1:20:36,
311,2060,Robbertjan Groeneweg,2,H24+,0:11:37,413,0:01:40,0:41:39,332,0:54:54,338,0:01:23,0:24:23,327,1:20:39,
312,6091,Evelien Hupkens,6,D24+,0:11:14,370,0:01:43,0:42:18,370,0:55:14,357,0:01:51,0:23:37,258,1:20:42,
313,1134,Lennart Visser,1,H40+,0:10:28,248,0:01:43,0:43:01,399,0:55:12,353,0:01:44,0:23:48,269,1:20:43,
314,7084,Guy Lansbergen,7,H24+,0:10:22,233,0:02:14,0:41:35,327,0:54:11,305,0:02:01,0:24:33,336,1:20:44,
315,1123,Michel Ubert,1,H24+,0:10:46,294,0:01:55,0:41:39,333,0:54:19,313,0:01:23,0:25:06,373,1:20:47,
316,4040,Ferry Becker,4,H24+,0:10:10,705,0:02:11,0:42:38,704,0:54:57,704,0:02:16,0:23:36,706,1:20:48,
317,2011,Dylan Tijsma,2,H16+,0:09:32,109,0:01:09,0:45:11,499,0:55:51,384,0:01:16,0:23:48,271,1:20:54,
318,1066,David Hooyenga,1,H24+,0:10:26,240,0:03:00,0:39:10,200,0:52:34,249,0:02:14,0:26:08,427,1:20:55,
319,1124,Jeroen Ulfman,1,H24+,0:12:34,538,0:01:52,0:37:40,128,0:52:06,233,0:01:32,0:27:20,491,1:20:56,
320,1078,Michel de Kramer,1,H24+,0:12:26,519,0:02:26,0:38:13,154,0:53:04,267,0:01:37,0:26:21,439,1:21:00,
321,1047,Isidro De PazGarcia,1,H40+,0:10:58,325,0:01:28,0:42:12,361,0:54:37,325,0:01:41,0:24:44,349,1:21:00,
322,2041,Willem Bel,2,H40+,0:10:52,310,0:01:50,0:42:11,358,0:54:52,336,0:01:23,0:24:48,352,1:21:02,
323,1052,Judith van den Dool,1,D16+,0:11:45,439,0:01:56,0:39:32,224,0:53:12,273,0:01:37,0:26:15,433,1:21:04,
324,5101,Bart Mooij,4,H24+,0:09:51,151,0:01:43,0:44:23,467,0:55:56,385,0:01:22,0:23:53,275,1:21:10,
325,2120,Jelle Terpstra,2,H24+,0:10:04,190,0:01:45,0:42:24,375,0:54:13,307,0:01:55,0:25:04,369,1:21:11,
326,7037,Michael Olsthoorn,7,H24+,0:11:06,342,0:01:56,0:41:36,330,0:54:37,324,0:01:42,0:24:54,358,1:21:11,
327,4104,Iona Mulder,4,D24+,0:11:16,373,0:02:12,0:42:15,363,0:55:42,377,0:01:57,0:23:34,251,1:21:12,
328,3047,Mindy Gouw,3,D24+,0:10:53,314,0:01:49,0:41:33,323,0:54:14,309,0:01:34,0:25:30,397,1:21:18,
329,5059,Laura van der Meulen,4,D16+,0:10:57,321,0:01:44,0:40:22,266,0:53:01,266,0:01:45,0:26:34,454,1:21:18,
330,6112,Harro Rooijendijk,6,H24+,0:11:23,389,0:01:36,0:43:40,431,0:56:39,411,0:01:08,0:23:50,274,1:21:36,
331,3019,Maren Harms,3,D24+,0:12:43,555,0:01:32,0:40:12,254,0:54:26,318,0:01:31,0:25:40,405,1:21:36,
332,3109,Germaine Plaum,3,D40+,0:11:32,406,0:01:40,0:42:01,350,0:55:13,356,0:02:03,0:24:22,326,1:21:37,
333,2033,Danielle Kuik,2,D24+,0:11:07,346,0:01:50,0:42:24,374,0:55:20,363,0:01:30,0:24:49,353,1:21:38,
334,3135,Frank van der Voort,3,H40+,0:11:11,355,0:02:20,0:39:25,215,0:52:55,263,0:02:22,0:26:22,442,1:21:39,
335,4137,Annika Willems,4,D24+,0:11:18,378,0:02:05,0:42:40,387,0:56:01,388,0:01:37,0:24:02,294,1:21:39,
336,3080,Dennis Gerk,3,H40+,0:10:38,279,0:02:20,0:43:31,423,0:56:28,405,0:02:02,0:23:09,221,1:21:39,
337,26,Chi Keung Tang,7,H24+,0:10:05,704,0:01:32,0:45:39,707,0:57:15,705,0:01:17,0:23:08,705,1:21:39,
338,3065,Raymond Bijlsma,3,H40+,0:10:27,244,0:01:48,0:44:10,460,0:56:25,403,0:01:25,0:23:56,286,1:21:45,
339,7036,Paul Notenboom,7,H24+,0:09:49,147,0:01:17,0:44:02,451,0:55:08,348,0:01:12,0:25:29,395,1:21:48,
340,6124,Roy Verweel,6,H40+,0:12:41,552,0:03:44,0:38:04,144,0:54:29,320,0:03:02,0:24:20,322,1:21:49,
341,4057,Menno Baumann,4,H24+,0:09:43,132,0:01:53,0:42:44,391,0:54:19,314,0:01:54,0:25:38,403,1:21:50,
342,1084,Michael van Lievenoogen,1,H24+,0:11:08,347,0:02:20,0:39:51,242,0:53:17,276,0:02:03,0:26:31,450,1:21:50,
343,6106,Jonathan Oudendijk,6,H24+,0:11:25,391,0:01:49,0:43:55,444,0:57:09,427,0:01:32,0:23:15,228,1:21:54,
344,7050,Marijn Verhoef,7,H24+,0:12:51,562,0:01:06,0:41:36,329,0:55:32,370,0:01:11,0:25:14,375,1:21:55,
345,6068,Aaron Bruijns,6,H24+,0:10:29,249,0:01:15,0:43:50,440,0:55:33,372,0:01:11,0:25:16,377,1:21:59,
346,7046,Rob Strijkers,7,H24+,0:11:53,451,0:01:47,0:41:26,318,0:55:04,346,0:01:31,0:25:26,389,1:21:59,
347,6076,Rick Driessen,6,H16+,0:10:46,295,0:01:51,0:42:15,364,0:54:51,334,0:01:51,0:25:18,382,1:21:59,
348,6028,Gerrit Verbeek,6,H40+,0:11:27,395,0:02:14,0:43:15,406,0:56:55,421,0:01:54,0:23:12,225,1:22:01,
349,4073,André van Dorp,4,H40+,0:10:37,276,0:01:44,0:46:32,557,0:58:52,486,0:02:02,0:21:07,103,1:22:01,
350,7003,Johan Veldhuis,7,H24+,0:12:06,478,0:01:27,0:39:19,209,0:52:51,261,0:01:21,0:27:50,511,1:22:01,
351,4058,Ronald Becht,4,H24+,0:11:13,361,0:02:05,0:43:12,404,0:56:29,406,0:02:08,0:23:29,246,1:22:05,
352,6063,Michiel Biesheuvel,6,H24+,0:10:45,293,0:02:20,0:42:16,366,0:55:19,361,0:02:12,0:24:39,345,1:22:09,
353,1071,Joost Kadijk,1,H40+,0:12:07,480,0:02:18,0:39:40,234,0:54:04,299,0:01:46,0:26:22,440,1:22:11,
354,3056,Hermine van der Marel,3,D40+,0:10:19,228,0:02:03,0:45:07,496,0:57:29,442,0:01:42,0:23:01,214,1:22:11,
355,4055,Roelof Andringa,4,H40+,0:11:16,376,0:01:50,0:41:48,338,0:54:53,337,0:02:01,0:25:23,387,1:22:16,
356,4114,Bruno Riollet,4,H40+,0:11:17,377,0:02:12,0:41:12,308,0:54:40,327,0:02:14,0:25:24,388,1:22:17,
357,4050,Sandra Kleijn,4,D40+,0:11:28,398,0:01:38,0:43:40,430,0:56:46,415,0:01:40,0:23:54,280,1:22:19,
358,5094,Rebecca Kamperman,4,D24+,0:10:39,282,0:02:08,0:41:18,314,0:54:04,300,0:02:05,0:26:11,431,1:22:20,
359,2051,Nicolette van Dijl,2,D40+,0:10:50,305,0:01:31,0:45:14,503,0:57:34,448,0:01:09,0:23:53,277,1:22:35,
360,5028,Milos Matic,4,H24+,0:10:35,268,0:01:38,0:44:43,477,0:56:54,420,0:01:38,0:24:04,298,1:22:36,
361,4098,Daphne Luiten,4,D24+,0:11:07,344,0:02:27,0:44:03,453,0:57:35,449,0:01:20,0:23:42,263,1:22:37,
362,4130,Eric Versluis,4,H24+,0:10:35,269,0:01:39,0:42:16,367,0:54:29,321,0:01:33,0:26:37,458,1:22:38,
363,3057,Wilfred Breedijk,3,H40+,0:11:33,407,0:01:29,0:44:05,456,0:57:06,426,0:01:22,0:24:18,320,1:22:46,
364,1097,Gerrit Frans van Pelt,1,H40+,0:11:34,411,0:02:12,0:41:32,321,0:55:17,359,0:01:45,0:25:48,410,1:22:48,
365,1106,Miranda de Ruiter,1,D40+,0:11:13,365,0:01:40,0:42:26,377,0:55:18,360,0:01:08,0:26:26,447,1:22:51,
366,1006,Viola Cornelisse,1,D24+,0:10:51,307,0:01:30,0:43:11,403,0:55:32,369,0:01:17,0:26:03,421,1:22:51,
367,4045,Hilda van der Veen,4,D40+,0:10:41,284,0:01:50,0:44:16,465,0:56:47,416,0:02:02,0:24:04,297,1:22:51,
368,6079,Melissa Eestermans,6,D40+,0:11:42,434,0:02:12,0:42:34,384,0:56:27,404,0:02:20,0:24:06,304,1:22:53,
369,3025,Kim de Reus,3,D24+,0:10:49,302,0:02:01,0:45:39,521,0:58:28,475,0:01:53,0:22:33,190,1:22:53,
370,1019,Judith van der K,1,D24+,0:12:25,517,0:01:54,0:43:21,411,0:57:39,451,0:01:24,0:23:54,281,1:22:56,
371,1082,Victor Liem,1,H24+,0:11:42,431,0:02:28,0:40:06,250,0:54:14,308,0:02:05,0:26:42,463,1:23:00,
372,6060,Marjolijn van Tol,6,D24+,0:12:01,469,0:01:57,0:42:07,353,0:56:03,390,0:01:39,0:25:22,386,1:23:04,
373,3016,Linda Hoek,3,D24+,0:11:11,354,0:01:55,0:44:05,455,0:57:10,428,0:01:46,0:24:10,309,1:23:04,
374,6014,Joost van Elteren,6,H24+,0:12:02,471,0:02:07,0:41:36,328,0:55:43,378,0:01:24,0:26:00,419,1:23:06,
375,7065,Marleen Van Kalmthout,7,D24+,0:11:04,338,0:01:35,0:44:03,454,0:56:40,413,0:01:29,0:24:58,362,1:23:06,
376,1050,Marjolein Deurloo,1,D24+,0:11:37,414,0:01:53,0:45:07,495,0:58:36,479,0:01:16,0:23:17,230,1:23:07,
377,5117,Eise van der Spoel,4,H24+,0:11:18,380,0:01:36,0:44:58,488,0:57:51,458,0:01:10,0:24:13,313,1:23:13,
378,2075,Jeroen van Dijk,2,H24+,0:13:00,574,0:01:47,0:40:25,269,0:55:11,352,0:01:54,0:26:10,428,1:23:14,
379,4108,Danielle Onnink,4,D24+,0:10:27,243,0:02:00,0:42:17,368,0:54:43,329,0:02:27,0:26:05,422,1:23:14,
380,4100,Robert Maurik,4,H40+,0:12:09,484,0:02:22,0:37:09,104,0:51:39,216,0:02:15,0:29:23,568,1:23:16,
381,3011,Louise Cornelis,3,D40+,0:12:12,488,0:02:31,0:40:25,268,0:55:07,347,0:02:02,0:26:11,430,1:23:19,
382,4048,Elke Berger,4,D40+,0:11:40,422,0:01:50,0:42:52,396,0:56:21,399,0:02:19,0:24:44,350,1:23:23,
383,4013,Lina van Dongen,4,D24+,0:10:26,242,0:01:54,0:45:51,526,0:58:10,467,0:01:41,0:23:35,253,1:23:25,
384,4022,Andrea Susini,4,H24+,0:11:58,461,0:02:02,0:40:12,255,0:54:11,306,0:01:54,0:27:21,493,1:23:25,
385,3003,Xandra van Etten,3,D24+,0:11:34,410,0:01:34,0:44:08,458,0:57:15,433,0:01:19,0:24:58,361,1:23:30,
386,1038,Vincent Band,2,H24+,0:10:53,315,0:01:41,0:45:00,490,0:57:32,445,0:01:23,0:24:42,347,1:23:36,
387,5008,Jasper   Meerman,4,H24+,0:11:27,394,0:02:08,0:41:35,324,0:55:09,350,0:02:34,0:25:54,412,1:23:36,
388,2129,Liza Van Vlokhoven-Verhaegh,2,D24+,0:11:08,349,0:01:44,0:46:56,572,0:59:46,517,0:01:01,0:22:53,202,1:23:40,
389,5115,Henk Sloof,4,H40+,0:10:53,313,0:02:04,0:45:16,506,0:58:12,468,0:01:43,0:23:46,265,1:23:40,
390,4132,Oscar Vlaming,4,H24+,0:11:53,452,0:01:54,0:41:17,312,0:55:03,344,0:01:53,0:26:49,468,1:23:44,
391,2106,Gabriella Prinz,2,D40+,0:11:29,399,0:01:41,0:44:18,466,0:57:27,438,0:01:55,0:24:24,328,1:23:44,
392,6065,Irene Blikman,6,D24+,0:12:00,467,0:01:41,0:41:45,335,0:55:25,367,0:01:34,0:26:51,470,1:23:50,
393,7069,Toyah Rodhouse,7,D24+,0:11:36,412,0:02:19,0:43:26,415,0:57:21,436,0:02:06,0:24:25,330,1:23:51,
394,2123,Paul Tobé,2,H24+,0:10:31,260,0:02:16,0:43:20,410,0:56:06,394,0:01:52,0:25:55,413,1:23:52,
395,4065,Roderick Cremers,4,H40+,0:10:47,298,0:01:25,0:47:55,592,1:00:06,526,0:01:10,0:22:40,196,1:23:54,
396,4053,Sharona Bolander,4,D24+,0:10:47,299,0:01:27,0:44:02,452,0:56:15,398,0:01:17,0:26:23,443,1:23:54,
397,2116,Marcel Solleveld,2,H24+,0:11:37,415,0:01:43,0:42:37,386,0:55:56,387,0:02:06,0:25:54,411,1:23:56,
398,2039,Philip Huijts,2,H40+,0:10:19,226,0:02:31,0:45:12,501,0:58:02,462,0:02:24,0:23:31,248,1:23:56,
399,3098,Matthijs de Kort,3,H40+,0:12:53,566,0:02:07,0:40:51,289,0:55:50,383,0:02:08,0:25:59,418,1:23:56,
400,4044,Ron Dijkhuizen,4,H40+,0:10:56,317,0:02:00,0:47:45,587,1:00:40,538,0:02:00,0:21:18,117,1:23:58,
401,7005,Rolf Janszen,7,H24+,0:11:57,459,0:01:44,0:41:47,336,0:55:26,368,0:01:26,0:27:10,481,1:24:01,
402,2030,Tjeerd Schouwerwou,2,H40+,0:11:59,464,0:02:15,0:40:56,293,0:55:09,351,0:01:55,0:26:59,473,1:24:02,
403,3075,Stephan Don,3,H24+,0:11:49,444,0:01:34,0:44:51,483,0:58:13,469,0:01:17,0:24:34,339,1:24:03,
404,6101,Lorette van Leeuwen,6,D40+,0:13:08,584,0:01:56,0:39:54,243,0:54:56,339,0:01:36,0:27:36,501,1:24:07,
405,3067,André Boekestijn,3,H24+,0:13:56,635,0:01:49,0:38:51,183,0:54:36,323,0:01:36,0:28:04,517,1:24:15,
406,7051,Mark Verkerk,7,H24+,0:12:05,476,0:02:00,0:40:28,271,0:54:33,322,0:02:15,0:27:31,499,1:24:17,
407,3013,Marco Rutters,3,H40+,0:13:33,608,0:02:02,0:41:06,301,0:56:40,412,0:01:58,0:25:41,406,1:24:18,
408,7079, Mathijs  Schothans,7,H40+,0:10:56,318,0:02:35,0:40:48,287,0:54:17,312,0:02:12,0:27:54,513,1:24:22,
409,3082,Hannah de Grooth,3,D40+,0:12:09,483,0:01:45,0:43:56,446,0:57:48,457,0:01:24,0:25:11,374,1:24:22,
410,4078,Jolien van der Haar,4,D24+,0:11:38,417,0:02:37,0:43:17,408,0:57:30,443,0:01:36,0:25:18,383,1:24:23,
411,6072,Juan Cifuentes,6,H24+,0:10:28,246,0:01:34,0:46:42,564,0:58:42,481,0:01:41,0:24:06,302,1:24:27,
412,5029,Arthur Landsbergen,4,H40+,0:11:05,341,0:02:13,0:46:00,533,0:59:17,497,0:02:11,0:23:01,215,1:24:28,
413,4032,Bart van der Wal,4,H24+,0:12:22,510,0:01:52,0:41:56,346,0:56:09,395,0:01:54,0:26:29,449,1:24:31,
414,7016,Peter Mestrini,7,H40+,0:11:42,433,0:01:58,0:39:28,219,0:53:07,269,0:01:42,0:29:45,581,1:24:33,
415,7066,Maaike  Hazenkamp,7,D24+,0:11:01,328,0:01:16,0:47:22,580,0:59:38,510,0:01:08,0:23:49,272,1:24:33,
416,1007,Mitzi Schoemans,1,D40+,0:11:33,408,0:01:55,0:44:36,474,0:58:02,463,0:01:37,0:24:59,365,1:24:37,
417,4020,Roy du Pree,4,H24+,0:13:49,621,0:01:32,0:42:21,372,0:57:42,454,0:01:26,0:25:31,398,1:24:38,
418,5050,Rene Coppens,4,H40+,0:11:04,339,0:01:37,0:45:34,516,0:58:14,470,0:01:20,0:25:06,372,1:24:39,
419,4126,Jordy Steehouwer,4,H24+,0:11:01,329,0:01:59,0:41:52,342,0:54:51,335,0:02:24,0:27:29,498,1:24:43,
420,3081,Hiddo van der Goot,3,H24+,0:11:22,388,0:01:48,0:42:27,380,0:55:36,373,0:01:50,0:27:19,490,1:24:45,
421,2125,Michael van der Toorn,2,H24+,0:10:31,259,0:01:33,0:44:46,480,0:56:49,419,0:01:55,0:26:06,424,1:24:50,
422,3095,Sophia Kear,3,D24+,0:11:34,409,0:01:49,0:43:44,433,0:57:05,424,0:01:25,0:26:22,441,1:24:51,
423,3038,René Bakker,3,H40+,0:11:49,445,0:01:58,0:42:51,395,0:56:37,410,0:01:57,0:26:20,436,1:24:52,
424,3006,Roland van den Berg,3,H40+,0:11:45,440,0:02:14,0:40:28,272,0:54:26,319,0:03:02,0:27:27,496,1:24:54,
425,3030,Adri Gouw,3,H40+,0:11:30,403,0:02:21,0:41:51,341,0:55:42,376,0:01:33,0:27:40,504,1:24:54,
426,1009,Charissa Efstratiades,1,D24+,0:11:20,381,0:01:45,0:45:40,522,0:58:44,482,0:01:26,0:24:52,356,1:25:01,
427,6115,Menno Slob,6,H24+,0:12:41,551,0:01:44,0:42:10,355,0:56:34,409,0:01:20,0:27:08,480,1:25:01,
428,1101,Brenda Rooijakkers,1,D40+,0:11:21,386,0:02:20,0:46:16,546,0:59:56,521,0:01:49,0:23:29,245,1:25:13,
429,2049,Mark Datema,2,H24+,0:11:20,383,0:01:34,0:46:25,551,0:59:18,498,0:01:24,0:24:34,337,1:25:15,
430,3034,Reinier Doelman,3,H24+,0:13:09,587,0:01:54,0:42:11,357,0:57:13,430,0:01:46,0:26:27,448,1:25:26,
431,5026,Cath Bostantzis,4,D24+,0:11:11,353,0:01:55,0:46:10,541,0:59:15,495,0:02:03,0:24:10,310,1:25:27,
432,6108,Claudia van der Poel,6,D24+,0:12:14,492,0:02:04,0:43:27,416,0:57:44,455,0:01:38,0:26:08,425,1:25:29,
433,1064,Sjouke Hoogma,1,D24+,0:10:21,231,0:02:52,0:46:29,552,0:59:41,512,0:02:10,0:23:40,260,1:25:30,
434,6089,Kelly van Hoof,6,D24+,0:10:36,271,0:01:48,0:48:18,601,1:00:41,539,0:01:14,0:23:42,262,1:25:36,
435,3036,Chantahl Boers,3,D40+,0:12:04,475,0:01:59,0:43:29,419,0:57:31,444,0:01:47,0:26:20,438,1:25:38,
436,6126,Marliese Vollebregt,6,D16+,0:10:30,256,0:01:34,0:46:30,556,0:58:33,476,0:01:40,0:25:27,390,1:25:39,
437,7076,Leon De Kaper,7,H40+,0:11:58,462,0:01:41,0:44:09,459,0:57:46,456,0:01:14,0:26:43,464,1:25:42,
438,3114,Bob van Roode,3,H40+,0:12:34,536,0:02:24,0:40:19,263,0:55:16,358,0:02:24,0:28:05,520,1:25:44,
439,3129,Xander Theil,3,H40+,0:11:12,357,0:01:52,0:44:30,470,0:57:33,446,0:01:53,0:26:20,437,1:25:45,
440,7038,Collin Oosterbaan,7,H40+,0:10:49,301,0:01:31,0:43:46,435,0:56:04,391,0:01:38,0:28:08,523,1:25:49,
441,4140,Marjolein Zwijnenburg,4,D24+,0:11:27,397,0:01:40,0:46:17,548,0:59:24,502,0:02:02,0:24:25,329,1:25:50,
442,1085,Nick Malatestas,1,H24+,0:11:12,358,0:02:24,0:47:09,577,1:00:44,540,0:01:38,0:23:37,255,1:25:58,
443,6007,Werner Pellis,6,H40+,0:11:44,438,0:02:16,0:44:53,484,0:58:52,485,0:01:53,0:25:17,378,1:26:01,
444,1045,Hilma Buiten,1,D16+,0:12:12,489,0:01:41,0:43:36,428,0:57:29,441,0:02:26,0:26:08,426,1:26:02,
445,2010,Richard van der Maas,2,H40+,0:12:26,521,0:01:42,0:42:41,390,0:56:48,417,0:01:49,0:27:27,497,1:26:03,
446,1141,Danielle van der Zanden,1,D16+,0:12:52,564,0:01:41,0:40:36,277,0:55:08,349,0:01:21,0:29:36,575,1:26:04,
447,5040,Marlyn Kooijman,4,D24+,0:12:16,495,0:01:57,0:45:01,492,0:59:13,492,0:01:26,0:25:28,393,1:26:05,
448,2141,Saara Wasama,2,D24+,0:12:42,553,0:01:46,0:41:35,325,0:56:03,389,0:01:38,0:28:30,536,1:26:09,
449,3035,Gerard Brand,3,H40+,0:13:35,613,0:01:41,0:39:44,239,0:54:58,340,0:02:32,0:28:46,544,1:26:15,
450,4074,Reyn de Dreu,4,H24+,0:10:56,320,0:02:27,0:44:40,475,0:58:03,464,0:02:38,0:25:35,400,1:26:15,
451,6082,Anky Faber,6,D40+,0:13:08,586,0:01:50,0:41:17,311,0:56:15,397,0:01:44,0:28:18,527,1:26:16,
452,7059,Simon Lamers,7,H24+,0:10:00,178,0:01:29,0:47:36,584,0:59:03,487,0:01:59,0:25:19,384,1:26:21,
453,1142,Ruben van der Zwaan,1,H24+,0:11:08,348,0:02:25,0:44:28,469,0:58:00,460,0:01:46,0:26:37,459,1:26:22,
454,5015,Jeanette Lankhuijzen,4,D40+,0:12:21,508,0:01:57,0:42:08,354,0:56:25,402,0:01:55,0:28:06,521,1:26:25,
455,7071,Astrid  Zweistra,7,D24+,0:10:46,296,0:02:24,0:45:57,531,0:59:07,489,0:02:01,0:25:20,385,1:26:26,
456,3136,Peter van der Werff,3,H24+,,,,,,,,,,,1:26:30,
457,1088,Eelco Meijer,1,H24+,0:11:27,396,0:02:37,0:43:52,441,0:57:55,459,0:01:45,0:26:56,472,1:26:35,
458,4031,Romy Berntsen,4,D24+,0:11:13,366,0:02:11,0:44:16,463,0:57:39,452,0:01:50,0:27:07,479,1:26:36,
459,1040,Jelena Berghuis,1,D16+,0:11:55,456,0:02:09,0:43:34,426,0:57:36,450,0:01:41,0:27:21,492,1:26:37,
460,4097,Sabine Leichtfuss,4,D24+,0:12:02,473,0:01:49,0:45:33,515,0:59:23,501,0:01:41,0:25:35,399,1:26:38,
461,3096,Raymond Kok,3,H24+,0:12:26,520,0:02:11,0:42:12,359,0:56:48,418,0:02:37,0:27:19,489,1:26:43,
462,4122,Roos Schrama,4,D24+,0:11:14,369,0:02:01,0:41:33,322,0:54:46,331,0:01:56,0:30:04,590,1:26:45,
463,5017,Ruud van Holland,4,H40+,0:11:40,423,0:02:44,0:43:18,409,0:57:40,453,0:01:59,0:27:07,478,1:26:45,
464,3001,Peter van Meijeren,3,H40+,0:11:48,442,0:02:13,0:42:05,352,0:56:06,393,0:02:07,0:28:51,549,1:27:03,
465,4094,Lotte van de Laar,4,D24+,0:11:02,331,0:02:30,0:46:54,571,1:00:24,533,0:02:20,0:24:22,324,1:27:05,
466,7009,Frank Doornink,7,H24+,0:11:41,429,0:02:02,0:41:37,331,0:55:19,362,0:02:03,0:29:46,582,1:27:07,
467,5095,Marieke Kaptein,4,D24+,0:11:51,448,0:01:58,0:45:21,509,0:59:09,490,0:02:15,0:25:46,408,1:27:08,
468,6121,Ingrid Verheij,6,D24+,0:13:30,604,0:03:14,0:41:25,317,0:58:08,465,0:03:07,0:25:55,414,1:27:08,
469,1022,Gerard Oomen,1,H40+,0:12:34,537,0:01:54,0:37:10,106,0:51:37,211,0:01:42,0:33:51,667,1:27:09,
470,3040,Marco Breman,3,H40+,0:12:25,518,0:01:56,0:44:30,471,0:58:51,484,0:01:44,0:26:42,462,1:27:15,
471,4037,Igor van den Akker,4,H40+,0:12:53,565,0:01:59,0:43:29,418,0:58:20,472,0:01:43,0:27:13,483,1:27:16,
472,3024,Pieter Evegroen,3,H40+,0:13:03,577,0:02:49,0:43:24,413,0:59:14,494,0:03:04,0:25:02,368,1:27:19,
473,5002,Carlijn Pieper,4,D24+,0:12:23,513,0:02:06,0:43:55,445,0:58:23,473,0:01:52,0:27:06,476,1:27:20,
474,3138,Rogier Wijnveldt,3,H24+,0:12:16,496,0:02:09,0:41:58,348,0:56:23,400,0:02:06,0:28:56,553,1:27:24,
475,6087,David Henry,6,H40+,0:11:26,393,0:02:27,0:46:08,536,1:00:01,523,0:01:55,0:25:30,396,1:27:24,
476,3115,Toke van Ruijven,3,D40+,0:12:35,541,0:01:54,0:43:00,398,0:57:28,439,0:01:46,0:28:23,529,1:27:35,
477,2142,Miriam van der Werf,2,D24+,0:13:04,581,0:02:14,0:40:57,294,0:56:14,396,0:02:06,0:29:26,569,1:27:45,
478,2140,Harm de Waaij,2,H24+,0:10:05,192,0:01:42,0:42:23,373,0:54:09,304,0:03:29,0:30:08,591,1:27:45,
479,4083,Martin Hofman,4,H24+,0:12:06,479,0:01:56,0:46:13,543,1:00:14,529,0:01:18,0:26:15,432,1:27:46,
480,4021,Gertine van Oord,4,D24+,0:11:55,455,0:01:53,0:43:11,402,0:56:58,422,0:01:44,0:29:09,559,1:27:49,
481,7053,Ian Wachters,7,H40+,0:11:29,401,0:02:53,0:37:16,110,0:51:38,213,0:12:45,0:23:29,244,1:27:51,
482,6128,Sjoerd Waalwijk,6,H24+,0:11:13,364,0:02:03,0:47:54,591,1:01:09,547,0:02:05,0:24:38,344,1:27:51,
483,4068,Regina Dijkshoorn,4,D40+,0:11:46,441,0:01:53,0:45:39,519,0:59:17,496,0:02:05,0:26:33,453,1:27:54,
484,1005,Stefan Nobel,1,H24+,0:11:41,426,0:02:28,0:43:07,401,0:57:15,434,0:02:01,0:28:45,543,1:28:00,
485,4007,Alexander Poublon,4,H24+,0:11:53,453,0:02:22,0:44:13,461,0:58:27,474,0:01:33,0:28:04,518,1:28:04,
486,3061,Dick van Beuzekom,3,H40+,0:13:19,594,0:01:43,0:42:11,356,0:57:11,429,0:01:39,0:29:16,564,1:28:06,
487,3123,Roy Smitshoek,3,H24+,0:13:32,607,0:02:09,0:44:06,457,0:59:45,516,0:01:58,0:26:25,446,1:28:08,
488,1042,Jolanda Blijleven,1,D24+,0:11:57,460,0:01:52,0:45:44,523,0:59:32,506,0:01:28,0:27:13,482,1:28:12,
489,2013,Michel van Leeuwen,2,H24+,0:12:13,491,0:01:26,0:44:55,486,0:58:33,477,0:01:14,0:28:31,538,1:28:17,
490,5051,Annemiek Nusteling,4,D40+,0:13:36,615,0:01:58,0:43:31,422,0:59:04,488,0:01:39,0:27:41,506,1:28:24,
491,7041,Edwin van der Ploeg,7,H40+,0:11:09,351,0:02:20,0:43:47,439,0:57:16,435,0:02:14,0:28:56,552,1:28:25,
492,5108,Rik Rozendaal,4,H24+,0:11:21,384,0:02:45,0:45:22,510,0:59:27,504,0:02:15,0:26:44,466,1:28:25,
493,6114,Carmen Schaeffer,6,D40+,0:11:50,447,0:02:30,0:45:00,491,0:59:19,500,0:02:32,0:26:42,461,1:28:31,
494,4107,Wouter van Noorloos,4,H24+,0:13:56,636,0:02:30,0:42:54,397,0:59:19,499,0:02:07,0:27:06,477,1:28:31,
495,5107,Danny Roodenburg,4,H40+,0:12:35,539,0:02:20,0:42:40,389,0:57:33,447,0:02:44,0:28:16,526,1:28:33,
496,4001,Patrick de Vries,4,H40+,0:10:37,275,0:02:23,0:45:09,498,0:58:08,466,0:02:15,0:28:14,525,1:28:35,
497,2117,Joan Steeman,2,D24+,0:13:22,596,0:02:04,0:41:18,315,0:56:43,414,0:01:31,0:30:35,605,1:28:48,
498,7064,Michiel Ypenburg,7,H24+,0:09:58,173,0:02:10,0:46:08,537,0:58:16,471,0:02:08,0:28:31,537,1:28:53,
499,4009,Richard Groeneveld,4,H24+,0:10:41,283,0:03:19,0:46:30,555,1:00:29,535,0:02:33,0:26:03,420,1:29:04,
500,4125,Aad Spruijt,4,H40+,0:12:30,528,0:02:19,0:43:46,437,0:58:34,478,0:02:50,0:27:47,509,1:29:09,
501,5020,Wendelijn van den Berg,4,D24+,0:11:41,427,0:02:05,0:48:20,603,1:02:05,567,0:01:25,0:25:41,407,1:29:10,
502,3039,René Bitter,3,H40+,0:12:27,524,0:02:05,0:46:09,538,1:00:40,537,0:01:51,0:26:45,467,1:29:15,
503,3124,Robert Speetjens,2,H24+,0:12:24,516,0:01:54,0:41:31,320,0:55:48,382,0:02:34,0:31:03,616,1:29:23,
504,3008,Jasper Verriet,3,H24+,0:11:12,356,0:02:31,0:45:54,528,0:59:35,508,0:02:06,0:27:44,508,1:29:24,
505,2005,Dick Janson,2,H40+,0:11:41,428,0:02:50,0:46:15,544,1:00:45,541,0:01:27,0:27:17,486,1:29:28,
506,7073,Michel Landman,7,H40+,0:11:24,390,0:02:20,0:45:30,514,0:59:13,493,0:02:36,0:27:41,505,1:29:29,
507,5041,Siska Groen,4,D24+,0:13:41,618,0:02:26,0:43:31,424,0:59:37,509,0:01:54,0:28:01,516,1:29:31,
508,4042,Robbert Zeemeijer,4,H24+,0:13:56,633,0:02:14,0:45:02,494,1:01:11,549,0:01:35,0:26:50,469,1:29:35,
509,2054,Patrick van der Elst,2,H24+,0:12:16,498,0:02:08,0:46:47,566,1:01:10,548,0:02:06,0:26:23,444,1:29:38,
510,4030,Paula Biesta,4,D40+,0:11:54,454,0:01:45,0:46:43,565,1:00:22,532,0:01:58,0:27:26,495,1:29:44,
511,5116,Herman Specker,4,H40+,0:12:23,514,0:01:59,0:42:45,392,0:57:06,425,0:01:58,0:30:52,614,1:29:55,
512,7058,Lizzy Van Goozen,7,D24+,0:11:40,424,0:02:46,0:45:18,508,0:59:44,514,0:02:38,0:27:43,507,1:30:04,
513,2091,Britt Mekel,2,D24+,0:13:03,580,0:01:50,0:44:50,482,0:59:43,513,0:01:37,0:28:46,546,1:30:05,
514,2137,Annemarie Volkers,2,D24+,0:13:47,620,0:01:40,0:41:48,337,0:57:14,431,0:01:39,0:31:16,620,1:30:09,
515,4059,Arie van Beuzekom,4,H24+,0:11:31,404,0:02:23,0:45:35,518,0:59:28,505,0:02:02,0:28:42,542,1:30:11,
516,3126,Rafaël Tamsiran,3,H40+,0:13:28,602,0:02:05,0:46:38,562,1:02:10,569,0:01:39,0:26:32,451,1:30:20,
517,5099,Daphne van der Loo,4,D24+,0:11:50,446,0:02:08,0:49:27,629,1:03:23,594,0:02:14,0:24:47,351,1:30:23,
518,5096,Loes Langendoen,4,D40+,0:12:41,550,0:02:32,0:42:15,365,0:57:28,440,0:03:00,0:29:56,586,1:30:24,
519,5052,Raymond Scholten,4,H40+,0:12:14,493,0:02:06,0:45:46,525,1:00:05,525,0:02:47,0:27:35,500,1:30:26,
520,1056,Renee Engelkes,1,D40+,0:12:31,533,0:02:38,0:46:53,569,1:02:01,565,0:01:55,0:26:37,460,1:30:32,
521,3116,Johan Sap,3,H24+,0:12:08,482,0:03:36,0:44:44,478,1:00:27,534,0:02:43,0:27:25,494,1:30:34,
522,5021,Piet Kooijman,4,H40+,0:12:19,501,0:01:39,0:48:55,612,1:02:52,587,0:01:29,0:26:24,445,1:30:44,
523,6036,Ruurd Tolman,6,H40+,0:13:15,591,0:01:44,0:45:09,497,1:00:08,527,0:01:53,0:28:47,547,1:30:46,
524,1054,Jennifer van Drongelen,1,D24+,0:12:16,497,0:02:37,0:44:55,487,0:59:47,518,0:02:57,0:28:23,528,1:31:06,
525,1070,Nicolette de Jong,1,D40+,0:12:30,529,0:02:35,0:47:29,581,1:02:32,581,0:02:03,0:26:36,457,1:31:10,
526,3104,Casper Mintjes,3,H40+,0:13:56,634,0:02:40,0:44:23,468,1:00:58,544,0:02:24,0:27:51,512,1:31:12,
527,4025,Walter Sanda,4,H24+,0:11:20,382,0:02:10,0:46:04,534,0:59:34,507,0:02:45,0:29:01,555,1:31:19,
528,5087,Marijn Ham,4,H16+,0:13:33,609,0:03:57,0:44:44,479,1:02:14,572,0:02:31,0:26:34,455,1:31:19,
529,5118,Jiska Stegeman,4,D16+,0:13:34,610,0:04:05,0:44:40,476,1:02:18,575,0:02:29,0:26:33,452,1:31:19,
530,5011,Maartje   Vermeulen,4,D24+,0:12:14,494,0:01:54,0:48:15,600,1:02:22,577,0:01:43,0:27:16,485,1:31:20,
531,7029,Nathalia Kaarls,7,D40+,0:12:02,474,0:01:58,0:49:05,618,1:03:04,591,0:01:21,0:27:00,474,1:31:24,
532,5038,Wiebe De Ridder,4,H40+,0:13:05,582,0:02:06,0:42:13,362,0:57:23,437,0:02:23,0:31:42,630,1:31:27,
533,7031,Maurits Leentvaar,7,H24+,0:12:44,559,0:01:49,0:44:54,485,0:59:27,503,0:01:50,0:30:14,597,1:31:29,
534,4139,Robin van Zeijl,4,D24+,0:12:31,532,0:02:18,0:45:14,505,1:00:02,524,0:02:00,0:29:29,573,1:31:30,
535,2096,Mandy van Noortwijk,2,D40+,0:13:21,595,0:02:15,0:46:40,563,1:02:15,573,0:02:32,0:27:03,475,1:31:49,
536,1062,Arjen Hoogerwerf,1,H40+,0:13:27,600,0:02:06,0:44:16,464,0:59:48,519,0:01:43,0:30:22,601,1:31:52,
537,2043,Frits Bezemer,2,H24+,0:12:20,506,0:01:32,0:47:07,575,1:00:58,545,0:01:19,0:29:36,576,1:31:52,
538,2047,Frank Daams,2,H24+,0:12:27,523,0:03:38,0:46:30,553,1:02:33,583,0:03:24,0:25:55,415,1:31:52,
539,5071,Wout Boer,4,H24+,0:13:13,590,0:02:37,0:45:02,493,1:00:52,543,0:02:06,0:28:55,551,1:31:52,
540,6110,Bert de Roo,6,H40+,0:12:01,470,0:02:33,0:45:12,500,0:59:44,515,0:03:13,0:29:11,561,1:32:07,
541,6129,Anneke van der Wal,6,D40+,0:13:49,622,0:02:05,0:43:47,438,0:59:40,511,0:02:01,0:30:29,602,1:32:09,
542,5030,Edward Kooijman,4,H24+,0:12:20,504,0:02:27,0:47:30,582,1:02:16,574,0:02:08,0:27:49,510,1:32:11,
543,4070,Veerle van Doeveren,4,D24+,0:12:54,567,0:02:53,0:48:11,599,1:03:57,599,0:02:40,0:26:06,423,1:32:41,
544,1046,Joke Carlier,1,D40+,0:12:26,522,0:02:28,0:49:16,625,1:04:10,602,0:01:53,0:26:43,465,1:32:45,
545,1049,Evelien Deurloo,1,D24+,0:12:31,531,0:01:47,0:45:56,530,1:00:12,528,0:01:38,0:30:57,615,1:32:46,
546,3112,Glenn Reek,3,H24+,0:11:48,443,0:01:34,0:52:27,661,1:05:48,631,0:01:32,0:25:28,394,1:32:48,
547,5034,Else Faber,4,D40+,0:11:56,458,0:04:19,0:46:53,570,1:03:07,592,0:03:42,0:26:18,434,1:33:06,
548,1077,Lex Koopman,1,H24+,0:11:03,335,0:02:36,0:51:28,655,1:05:07,620,0:01:52,0:26:20,435,1:33:18,
549,2029,Linda Bel,2,D24+,0:12:39,546,0:02:02,0:47:20,579,1:02:00,564,0:01:48,0:29:32,574,1:33:19,
550,1061,Danielle den Hertog,1,D24+,0:13:03,578,0:02:31,0:45:53,527,1:01:27,551,0:01:56,0:29:58,587,1:33:20,
551,1075,Natasja Kluit,1,D40+,0:12:23,512,0:03:09,0:46:20,550,1:01:51,559,0:03:05,0:28:26,534,1:33:21,
552,1125,Martin Van DerBok,1,H40+,0:12:23,511,0:03:10,0:46:09,540,1:01:41,554,0:03:15,0:28:26,535,1:33:21,
553,7112,Jasper van Randeraat,7,H24+,0:10:44,290,0:01:49,0:49:47,634,1:02:19,576,0:01:41,0:29:23,567,1:33:22,
554,4106,Kenneth Nieuweboer,4,H40+,0:12:38,543,0:01:41,0:47:42,586,1:02:00,563,0:01:44,0:29:48,583,1:33:31,
555,2094,Sandra Middel,2,D40+,0:12:40,549,0:02:15,0:49:28,630,1:04:22,607,0:01:57,0:27:18,488,1:33:37,
556,3042,Hiro Asakura,3,H40+,0:13:18,593,0:02:18,0:46:16,547,1:01:51,560,0:02:31,0:29:20,566,1:33:40,
557,6086,Jeroen Hameete,6,H24+,0:10:29,255,0:02:33,0:49:08,620,1:02:09,568,0:03:13,0:28:23,530,1:33:44,
558,4071,Ruud van Dongen,4,H40+,0:13:26,598,0:02:57,0:43:34,427,0:59:57,522,0:02:46,0:31:03,617,1:33:45,
559,4124,John Snap,4,H24+,0:12:28,526,0:02:40,0:46:36,561,1:01:44,555,0:02:10,0:29:56,585,1:33:49,
560,2133,Diana Verboom,2,D24+,0:12:19,502,0:01:50,0:50:41,647,1:04:50,615,0:01:25,0:27:37,502,1:33:50,
561,6061,Corne den Besten,6,H24+,0:14:18,650,0:03:19,0:43:29,421,1:01:06,546,0:02:44,0:30:18,600,1:34:07,
562,7055,Richard  van  Ewijk ,7,H40+,0:12:10,485,0:01:48,0:44:48,481,0:58:45,483,0:01:55,0:33:34,662,1:34:12,
563,7080, Bianca  Smid,7,D40+,0:12:01,468,0:02:19,0:49:01,616,1:03:21,593,0:02:46,0:28:08,524,1:34:14,
564,5069,Natascha Beumer,4,D24+,0:14:18,649,0:02:16,0:45:57,532,1:02:30,580,0:02:37,0:29:16,563,1:34:23,
565,6025,Krishnan Gonesh,6,H40+,0:12:21,509,0:02:45,0:45:13,502,1:00:19,531,0:02:31,0:31:36,627,1:34:25,
566,2068,Irene Hoevenaars,2,D24+,0:12:58,570,0:03:00,0:49:22,628,1:05:18,623,0:01:53,0:27:17,487,1:34:27,
567,5119,Threa Teeuw,4,D40+,0:12:20,505,0:02:10,0:47:41,585,1:02:10,570,0:02:06,0:30:18,599,1:34:33,
568,2083,Pascale Lavooij,2,D40+,0:13:10,588,0:02:06,0:48:23,604,1:03:39,597,0:01:56,0:29:05,557,1:34:39,
569,2023,Gert Jan van Buuren,2,H40+,0:12:18,499,0:01:24,0:50:19,641,1:03:59,601,0:01:30,0:29:11,560,1:34:39,
570,1121,Henk Tjauw,1,H24+,0:12:44,558,0:02:17,0:49:12,624,1:04:12,603,0:01:51,0:28:39,540,1:34:41,
571,3029,Caroline Hundepool,3,D24+,0:13:27,599,0:01:42,0:47:34,583,1:02:42,586,0:01:24,0:30:43,612,1:34:49,
572,4113,Charissa de Regt,4,D24+,0:11:56,457,0:02:03,0:50:16,640,1:04:14,605,0:01:32,0:29:11,562,1:34:56,
573,6074,L. van Donge,6,D24+,0:12:45,560,0:02:05,0:46:51,567,1:01:40,553,0:01:51,0:31:30,626,1:35:01,
574,6123,Evert Verveer,6,H24+,0:12:28,527,0:01:29,0:45:16,507,0:59:13,491,0:01:52,0:34:00,669,1:35:04,
575,2002,Eppie Fokkema,2,H40+,0:13:24,597,0:02:57,0:44:58,489,1:01:18,550,0:01:36,0:32:18,642,1:35:11,
576,2079,Liesbeth Koorn,2,D40+,0:13:54,626,0:02:15,0:46:35,560,1:02:42,585,0:02:27,0:30:09,592,1:35:18,
577,2032,Erik Plugge,2,H40+,0:13:53,625,0:02:14,0:46:19,549,1:02:25,578,0:02:43,0:30:12,595,1:35:18,
578,3089,Sandra Hogeveen,3,D40+,0:13:30,605,0:02:17,0:47:46,589,1:03:33,596,0:02:14,0:29:42,580,1:35:28,
579,2067,Stephanie van der Hoeven,2,D40+,0:12:27,525,0:01:29,0:50:53,649,1:04:49,614,0:01:59,0:28:53,550,1:35:40,
580,1086,Paul Malatestas,1,H24+,0:11:43,437,0:02:03,0:49:10,621,1:02:55,588,0:02:04,0:30:42,610,1:35:40,
581,7024,Sarah van Duijn,7,D24+,0:13:18,592,0:02:10,0:45:23,512,1:00:50,542,0:02:06,0:32:58,652,1:35:53,
582,6117,Jolanda van der Straaten,6,D40+,0:14:00,640,0:02:50,0:45:23,511,1:02:12,571,0:03:14,0:30:29,603,1:35:54,
583,2087,Martijn de Loor,2,H40+,0:12:57,569,0:02:48,0:45:54,529,1:01:38,552,0:03:39,0:30:46,613,1:36:02,
584,7113,Anneke Kloostra,7,D40+,0:14:51,671,0:01:51,0:48:36,608,1:05:17,622,0:01:25,0:29:28,572,1:36:10,
585,4131,Wilco Visser,4,H40+,0:13:12,589,0:02:51,0:46:34,559,1:02:36,584,0:03:07,0:30:37,606,1:36:20,
586,3051,Myrna vd Emster,3,D40+,0:12:05,477,0:02:04,0:48:24,605,1:02:32,582,0:02:07,0:31:44,631,1:36:23,
587,3107,Cerise Oste,3,D24+,0:13:57,638,0:02:40,0:48:07,596,1:04:43,611,0:01:52,0:29:49,584,1:36:23,
588,3113,Jeroen de Ridder,3,H24+,0:12:20,507,0:03:29,0:46:11,542,1:02:00,562,0:04:08,0:30:18,598,1:36:24,
589,4096,Rianne van Leeuwen,4,D40+,0:12:10,486,0:01:55,0:53:26,668,1:07:29,653,0:02:27,0:26:35,456,1:36:30,
590,3111,Elisabethe Ramos,3,D40+,0:12:36,542,0:02:25,0:51:51,658,1:06:52,645,0:02:00,0:27:39,503,1:36:30,
591,2126,Jolanda Van Barneveld,2,D40+,0:12:58,571,0:01:31,0:49:00,614,1:03:29,595,0:01:30,0:31:50,635,1:36:48,
592,6081,Edwin van Enkhuijzen,6,H24+,0:12:35,540,0:01:20,0:53:06,666,1:07:00,649,0:01:33,0:28:26,533,1:36:58,
593,6042,Jessica Verstegen,6,D24+,0:13:29,603,0:02:00,0:49:10,622,1:04:39,610,0:01:55,0:30:31,604,1:37:04,
594,7040,Jeanine Pas,7,D24+,0:14:20,652,0:02:09,0:44:01,450,1:00:30,536,0:01:36,0:35:02,679,1:37:07,
595,5036,Diana van Ree,4,D40+,0:14:40,664,0:03:26,0:43:45,434,1:01:50,558,0:02:45,0:32:39,647,1:37:14,
596,5104,Paul Peters,4,H40+,0:15:08,678,0:03:26,0:43:53,442,1:02:26,579,0:03:45,0:31:06,618,1:37:15,
597,7026,Lianne den Haan,7,D24+,0:12:51,563,0:01:51,0:48:19,602,1:03:01,589,0:02:03,0:32:14,641,1:37:17,
598,2088,W.T. van Maanen,2,D24+,0:12:59,572,0:02:28,0:46:30,554,1:01:56,561,0:02:52,0:32:42,648,1:37:29,
599,3094,Veronique Kal,3,D40+,0:13:30,606,0:02:17,0:51:43,657,1:07:30,654,0:01:44,0:28:25,531,1:37:38,
600,5105,Ron van Ree,4,H40+,0:15:05,676,0:02:58,0:43:46,436,1:01:49,557,0:02:44,0:33:08,655,1:37:40,
601,2124,Roos van Tol,2,D24+,0:13:03,576,0:01:46,0:49:50,635,1:04:38,609,0:01:49,0:31:22,624,1:37:48,
602,5088,Martijn Heeren,4,H24+,0:12:59,573,0:02:59,0:49:38,632,1:05:35,628,0:02:51,0:29:26,570,1:37:51,
603,4092,Suzanne Kluijt,4,D24+,0:14:36,660,0:02:23,0:49:44,633,1:06:42,643,0:01:48,0:29:38,577,1:38:07,
604,5133,Charlotte van der Weijde,4,D24+,0:15:09,679,0:01:42,0:47:09,576,1:03:59,600,0:01:19,0:33:00,653,1:38:17,
605,4010,Karin Van Dijk-D'silva,4,D40+,0:14:33,658,0:02:49,0:47:00,573,1:04:21,606,0:02:19,0:31:51,636,1:38:30,
606,1133,Frederique Vermeij,1,D40+,0:14:23,656,0:02:09,0:46:33,558,1:03:04,590,0:01:00,0:34:30,673,1:38:33,
607,1128,Fabio Van Luijk,1,H40+,0:13:03,579,0:02:54,0:46:06,535,1:02:02,566,0:02:57,0:33:35,663,1:38:33,
608,7044,Leonie van der Stel,7,D24+,0:13:53,624,0:02:16,0:51:00,652,1:07:08,651,0:01:59,0:29:27,571,1:38:33,
609,7083,Jan van der Ham,7,H40+,0:13:54,627,0:01:50,0:52:50,663,1:08:34,664,0:01:26,0:28:38,539,1:38:36,
610,3032,Anoek van Gils,3,D40+,0:13:39,617,0:02:37,0:50:04,638,1:06:19,637,0:02:46,0:29:38,578,1:38:41,
611,1109,Marcel Vrijhof,1,H40+,0:12:54,568,0:01:44,0:53:44,672,1:08:21,661,0:01:37,0:29:00,554,1:38:58,
612,4023,Saskia Dijkstra,4,D24+,0:15:13,680,0:01:54,0:47:47,590,1:04:54,616,0:01:51,0:32:28,644,1:39:13,
613,6070,Charlotte Caesar,6,D24+,0:14:00,639,0:02:39,0:48:26,606,1:05:04,619,0:02:30,0:31:41,629,1:39:14,
614,4119,Hanneke de Ruijter,4,D40+,0:12:11,487,0:01:53,0:53:34,670,1:07:37,656,0:02:21,0:29:18,565,1:39:15,
615,5112,Jeanine Schra,4,D40+,0:14:00,642,0:02:43,0:49:16,626,1:05:58,635,0:02:41,0:30:39,608,1:39:18,
616,1079,Helena de Kruif,1,D24+,0:14:01,643,0:02:29,0:49:03,617,1:05:33,627,0:02:05,0:31:55,637,1:39:31,
617,3122,Mirjan Smitshoek,3,D24+,0:14:47,670,0:02:17,0:47:58,594,1:05:01,618,0:02:07,0:32:29,645,1:39:36,
618,3068,Johan Boekestijn,3,H40+,0:14:09,645,0:02:38,0:48:08,597,1:04:55,617,0:02:22,0:32:27,643,1:39:43,
619,2135,Ada Visser,2,D40+,0:12:40,548,0:02:12,0:53:40,671,1:08:31,662,0:02:16,0:29:02,556,1:39:48,
620,4043,Koen den Hartigh,4,H40+,0:15:01,675,0:03:06,0:47:45,588,1:05:52,633,0:03:24,0:30:41,609,1:39:55,
621,4086,Cor van Idsinga,4,H40+,0:13:54,628,0:02:42,0:50:22,642,1:06:58,647,0:02:16,0:30:43,611,1:39:56,
622,4085,Bob van Idsinga,4,H24+,0:13:55,630,0:02:42,0:50:26,644,1:07:03,650,0:02:16,0:30:38,607,1:39:56,
623,2121,Elske Thomassen,2,D24+,0:14:16,647,0:02:06,0:48:26,607,1:04:47,612,0:01:37,0:33:40,664,1:40:03,
624,4062,Elmer Bulthuis,4,H24+,0:11:16,375,0:02:14,0:51:59,659,1:05:28,626,0:02:24,0:32:13,640,1:40:05,
625,2078,Lilian Koopman,2,D24+,0:12:44,557,0:01:49,0:54:14,678,1:08:46,666,0:01:48,0:29:41,579,1:40:14,
626,7011,Daphne Woudenberg,7,D40+,0:14:00,641,0:03:24,0:49:06,619,1:06:29,639,0:02:39,0:31:14,619,1:40:20,
627,3084,Corinne Heijdra,3,D24+,0:14:10,646,0:02:31,0:51:15,653,1:07:55,658,0:02:21,0:30:10,593,1:40:25,
628,3023,Pepijn ten Hout,3,H24+,0:13:57,637,0:02:38,0:51:26,654,1:08:01,659,0:02:15,0:30:11,594,1:40:25,
629,3125,Carlo Steentjes,3,H24+,0:13:08,585,0:03:13,0:48:03,595,1:04:23,608,0:02:56,0:33:29,660,1:40:47,
630,4064,Richard Chan,4,H40+,0:12:20,503,0:04:35,0:49:33,631,1:06:26,638,0:02:30,0:31:55,638,1:40:50,
631,6043,Patrick Smolders,6,H40+,0:15:13,681,0:02:34,0:42:05,351,0:59:51,520,0:02:17,0:39:12,692,1:41:20,
632,6026,Jeanette Verbeek,6,D40+,0:14:22,653,0:02:56,0:48:52,610,1:06:10,636,0:02:39,0:32:38,646,1:41:26,
633,5019,Hans Stegeman,4,H40+,0:14:09,644,0:02:31,0:49:56,636,1:06:34,640,0:01:59,0:33:17,657,1:41:49,
634,3028,Jeroen de Bruijn,3,H24+,0:13:27,601,0:03:04,0:48:54,611,1:05:24,625,0:02:43,0:33:48,666,1:41:54,
635,2113,Eline Seijbel,2,D40+,0:13:38,616,0:02:16,0:50:54,651,1:06:47,644,0:01:43,0:33:33,661,1:42:01,
636,4060,Joke Bosma,4,D40+,0:14:42,667,0:02:28,0:48:10,598,1:05:19,624,0:02:38,0:34:07,672,1:42:04,
637,2065,Brigitte Hekkert,2,D40+,0:14:17,648,0:03:31,0:48:50,609,1:06:36,641,0:03:34,0:31:57,639,1:42:07,
638,5025,Arthur Bosch,4,H40+,0:15:01,674,0:02:53,0:47:56,593,1:05:49,632,0:03:04,0:33:18,658,1:42:10,
639,1051,Carola Dijkers,1,D40+,0:13:34,612,0:03:21,0:49:00,615,1:05:54,634,0:04:30,0:31:47,632,1:42:10,
640,1014,Barbara van Dam,1,D40+,0:13:34,611,0:03:24,0:50:30,645,1:07:27,652,0:02:57,0:31:47,633,1:42:11,
641,5004,Corien van Klaveren,4,D40+,0:14:38,662,0:03:22,0:50:53,650,1:08:53,668,0:03:30,0:30:00,588,1:42:22,
642,5005,Rob van Klaveren,4,H40+,0:14:38,661,0:03:31,0:50:42,648,1:08:50,667,0:03:30,0:30:04,589,1:42:22,
643,7110,Magdalena Hanczewska,7,D24+,0:13:55,629,0:01:39,0:54:04,675,1:09:37,672,0:01:29,0:31:17,621,1:42:22,
644,7057,Walter Schreefel,7,H40+,0:14:22,654,0:03:01,0:46:51,568,1:04:14,604,0:03:32,0:34:38,675,1:42:23,
645,4072,Senna van Dongen,4,D24+,0:12:42,554,0:02:57,0:50:01,637,1:05:40,629,0:02:40,0:34:05,671,1:42:23,
646,5031,Dennis   Watrin,4,H40+,0:13:56,632,0:03:20,0:44:32,473,1:01:47,556,0:03:20,0:37:23,690,1:42:29,
647,3097,Ingrid van der Kooij,3,D40+,0:15:29,685,0:02:18,0:47:01,574,1:04:47,613,0:02:32,0:35:11,680,1:42:29,
648,2015,Pauline Hogenbirk-Hupkes,2,D40+,0:15:44,687,0:02:26,0:45:45,524,1:03:54,598,0:02:04,0:37:12,689,1:43:09,
649,5121,Robert Van DeMerwe,4,H24+,0:14:46,669,0:02:05,0:52:54,664,1:09:44,673,0:02:07,0:31:38,628,1:43:27,
650,7111,Jacqueline (Jackie) Asare,7,D24+,0:11:37,416,0:01:59,0:54:14,677,1:07:49,657,0:02:00,0:33:44,665,1:43:32,
651,5120,Natalie Tito,4,D24+,0:16:56,695,0:02:00,0:46:15,545,1:05:10,621,0:01:51,0:36:36,685,1:43:36,
652,2111,Heleen Roozeboom,2,D40+,0:13:01,575,0:02:00,0:59:16,691,1:14:16,687,0:01:47,0:28:05,519,1:44:06,
653,5114,Natascha Schuiling,4,D24+,0:14:33,657,0:02:52,0:49:18,627,1:06:41,642,0:02:41,0:34:51,677,1:44:12,
654,5013,Yvon   Watrin,4,D40+,0:13:55,631,0:02:37,0:54:00,674,1:10:31,676,0:02:45,0:31:27,625,1:44:42,
655,1110,Esther van der Sluys,1,D24+,0:16:08,691,0:02:22,0:47:18,578,1:05:47,630,0:02:24,0:36:37,686,1:44:47,
656,6054,Andries van Akelijen,6,H24+,0:11:59,463,0:03:16,0:54:10,676,1:09:23,670,0:02:32,0:32:53,651,1:44:48,
657,3118,Jordy Schoester,3,H24+,0:14:19,651,0:02:25,0:53:06,665,1:09:49,674,0:02:02,0:33:08,656,1:44:58,
658,4046,Sanny Schoon,4,D40+,0:12:39,545,0:01:49,0:58:58,690,1:13:25,684,0:02:46,0:28:49,548,1:45:00,
659,6011,Marja Ellen Verhoef,6,D40+,0:12:23,515,0:02:00,0:57:28,686,1:11:51,678,0:02:00,0:31:19,622,1:45:09,
660,6069,Ingeborg de Bruyn,6,D40+,0:12:38,544,0:01:45,0:57:29,687,1:11:51,679,0:02:00,0:31:19,623,1:45:09,
661,4082,Denise Helderop,4,D24+,0:14:41,665,0:01:44,0:52:07,660,1:08:31,663,0:02:06,0:34:58,678,1:45:34,
662,2056,Jacopo Fazzi,2,H40+,0:15:47,688,0:03:09,0:50:39,646,1:09:34,671,0:04:29,0:31:48,634,1:45:49,
663,21,Vincent Hekkert,3,H40+,0:14:41,666,0:01:59,0:53:16,667,1:09:55,675,0:01:45,0:34:35,674,1:46:15,
664,2063,Marja Haverkamp-Holleman,2,D40+,0:13:50,623,0:02:38,0:57:19,685,1:13:46,686,0:02:28,0:30:13,596,1:46:27,
665,3048,Remco Plooij,3,H24+,0:15:08,677,0:02:52,0:49:00,613,1:06:58,648,0:03:02,0:36:44,687,1:46:44,
666,5113,Mathilde Schram,4,D40+,0:15:28,684,0:03:01,0:50:14,639,1:08:41,665,0:02:31,0:35:34,682,1:46:45,
667,5079,Irma De Kluijveer,4,D24+,0:16:26,694,0:02:42,0:49:11,623,1:08:17,660,0:02:33,0:36:23,684,1:47:12,
668,3131,Cindy Van DerJagt,3,D24+,0:13:45,619,0:02:10,0:55:05,681,1:10:59,677,0:03:06,0:33:08,654,1:47:12,
669,7114,Mee-Di Chau,7,D24+,0:15:01,673,0:02:00,0:56:11,682,1:13:11,683,0:01:54,0:32:44,649,1:47:48,
670,3007,Thomas Hommel,3,H24+,0:14:46,668,0:02:23,0:50:25,643,1:07:33,655,0:01:48,0:38:47,691,1:48:07,
671,7034,Gerlinde van der Male,7,D40+,0:14:58,672,0:03:11,0:53:59,673,1:12:07,681,0:02:44,0:34:04,670,1:48:53,
672,3092,Jolanda van Ingen Schenau-VanAst,3,D40+,0:16:20,693,0:02:00,0:58:52,689,1:17:11,691,0:02:36,0:29:08,558,1:48:54,
673,1015,Nicolette van der Palm,1,D40+,0:14:23,655,0:02:34,0:58:26,688,1:15:21,688,0:01:46,0:33:55,668,1:51:01,
674,3079,Diana van Eijk,3,D40+,0:15:53,689,0:02:32,0:53:27,669,1:11:51,680,0:02:58,0:37:06,688,1:51:55,
675,3049,Annelies Evegroen-Kraan,3,D40+,0:15:36,686,0:04:12,0:52:40,662,1:12:28,682,0:04:29,0:35:15,681,1:52:10,
676,3100,Claudia Lander,3,D40+,0:14:34,659,0:02:00,1:02:22,692,1:18:55,692,0:02:08,0:33:26,659,1:54:28,
677,2098,Atie Nunnink,2,D40+,0:15:15,682,0:03:50,0:57:00,684,1:16:04,689,0:03:13,0:35:49,683,1:55:05,
678,2112,Ilse Scholten,2,D24+,0:12:43,556,0:03:18,1:05:05,694,1:21:05,695,0:01:46,0:32:44,650,1:55:34,
679,4129,Enrico Van DerSteen,4,H24+,0:12:30,530,0:02:41,1:05:16,695,1:20:26,693,0:02:22,0:34:49,676,1:57:37,
680,7074,Marjolijn   Venant,7,D24+,0:16:03,690,0:02:23,0:55:00,680,1:13:26,685,0:02:03,0:43:56,695,1:59:24,
681,4127,Annemieke Sweep,4,D24+,0:14:40,663,0:02:20,1:03:30,693,1:20:28,694,0:02:12,0:39:25,693,2:02:04,
682,6078,Anouk Dullaard,6,D16+,0:15:25,683,0:02:36,1:06:00,696,1:24:00,696,0:02:15,0:39:33,694,2:05:47,
683,2101,Julie Oostrom,2,D16+,0:17:09,696,0:02:37,0:56:46,683,1:16:31,690,0:02:07,0:48:14,696,2:06:51,
684,3134,Jolanda van Vessem,3,D40+,0:17:34,698,0:05:07,1:12:13,697,1:34:52,697,0:04:18,0:51:20,697,2:30:29,
685,20,Wim Middelveld,3,H40+,0:17:33,697,0:05:05,1:12:18,698,1:34:54,698,0:04:08,0:51:29,698,2:30:30,
686,25,Louisette den Boer,2,D40+,4:16:31,707,0:01:56,0:43:12,705,5:01:37,707,0:01:28,0:25:58,707,5:29:02,
687,24,Nynke Venema,2,D24+,4:16:52,708,0:02:29,0:44:55,706,5:04:15,708,0:02:04,0:26:13,708,5:32:31,
688,1027,Kees Akershoek,1,H40+,0:10:09,,0:01:21,0:36:36,,0:48:05,,0:01:26,,,0:49:31,DNF
689,5080,Alexander Dekker,4,H24+,0:10:20,,0:01:40,0:40:14,,0:52:14,,0:01:32,,,0:53:45,DNF
690,3004,Patrick de Kreek,3,H40+,0:10:10,,0:01:42,0:41:42,,0:53:34,,0:01:37,,,0:55:11,DNF
691,6064,Sabine Biesheuvel,6,D24+,0:12:35,,0:03:58,0:46:40,,1:03:12,,0:03:01,,,1:06:12,DNF
692,6012,Emilie de Boer,6,D24+,0:12:14,,0:01:59,0:33:59,,0:48:11,,,,,0:48:11,DNF
693,1021,Andre Ouwerkerk,1,H40+,0:10:04,,0:02:10,0:36:36,,0:48:49,,,,,0:48:49,DNF
694,3005,Dorien Vroom,3,D40+,0:13:32,,0:02:10,0:46:01,,1:01:42,,,,,1:01:42,DNF
695,4069,Annelieke Dijkstra,4,D40+,0:14:39,,0:03:05,0:50:54,,1:08:37,,,,,1:08:37,DNF
696,2119,Sandra Tegtmeier-Last,2,D40+,0:15:03,,0:02:10,0:52:35,,1:09:47,,,,,1:09:47,DNF
697,4111,Marijn Pool,4,D24+,0:11:37,,0:01:44,1:08:44,,1:22:04,,,,,1:22:04,DNF
698,4033,Chi Keung Tang,4,H24+,0:10:17,,0:01:31,,,,,,,,0:11:47,DNF
699,1094,Ronald Noorlander,1,H24+,0:11:01,,0:02:17,,,,,,,,0:13:17,DNF
700,6067,Annaliese Bommel Van,6,D40+,0:14:34,,0:02:19,,,,,,,,0:16:52,DNF